-- phpMyAdmin SQL Dump
-- version 5.2.1
-- https://www.phpmyadmin.net/
--
-- 主機： 127.0.0.1
-- 產生時間： 2025-02-03 04:13:31
-- 伺服器版本： 10.4.32-MariaDB
-- PHP 版本： 8.2.12

SET SQL_MODE = "NO_AUTO_VALUE_ON_ZERO";
START TRANSACTION;
SET time_zone = "+00:00";


/*!40101 SET @OLD_CHARACTER_SET_CLIENT=@@CHARACTER_SET_CLIENT */;
/*!40101 SET @OLD_CHARACTER_SET_RESULTS=@@CHARACTER_SET_RESULTS */;
/*!40101 SET @OLD_COLLATION_CONNECTION=@@COLLATION_CONNECTION */;
/*!40101 SET NAMES utf8mb4 */;

--
-- 資料庫： `kagumachi`
--

-- --------------------------------------------------------

--
-- 資料表結構 `autochat`
--

CREATE TABLE `autochat` (
  `autochatid` int(11) NOT NULL,
  `keywords` varchar(100) DEFAULT NULL,
  `answer` varchar(300) DEFAULT NULL,
  `isautochat` tinyint(1) DEFAULT NULL
) ENGINE=InnoDB DEFAULT CHARSET=utf8mb4 COLLATE=utf8mb4_general_ci;

--
-- 傾印資料表的資料 `autochat`
--

INSERT INTO `autochat` (`autochatid`, `keywords`, `answer`, `isautochat`) VALUES
(1, '休假,放假', '(此為自動回覆訊息)\n\n我們的客服時間為週一至週五 09:00-18:00（國定假日除外）。如果您在休假期間有問題，請先參考Q&A或透過訂單系統查詢進度，客服將在上班後盡快回覆您！', 1),
(2, '退費,退貨,換貨', '(此為自動回覆訊息)\n\n很抱歉，我們的商品不提供退貨或換貨服務。請在購買前仔細確認商品資訊，如有任何疑問，歡迎在下單前聯繫客服，我們很樂意為您解答。', 1),
(3, '付款,付費,繳費', '(此為自動回覆訊息)\n\n我們提供信用卡付款與貨到付款，讓您選擇最方便的支付方式。', 1),
(4, '配送,運送', '(此為自動回覆訊息)\n\n我們的配送方式包含黑貓宅急便與大榮貨運，將以最快速、安全的方式將您的商品送達指定地址。', 1);

-- --------------------------------------------------------

--
-- 資料表結構 `carts`
--

CREATE TABLE `carts` (
  `cartsid` int(11) NOT NULL,
  `memberid` int(11) DEFAULT NULL,
  `productid` int(11) DEFAULT NULL,
  `colorsid` int(11) DEFAULT NULL,
  `quantity` int(11) NOT NULL,
  `ispurchase` tinyint(1) DEFAULT NULL
) ENGINE=InnoDB DEFAULT CHARSET=utf8mb4 COLLATE=utf8mb4_general_ci;

-- --------------------------------------------------------

--
-- 資料表結構 `finance`
--

CREATE TABLE `finance` (
  `financeid` int(11) NOT NULL,
  `date` date DEFAULT NULL,
  `item` varchar(100) DEFAULT NULL,
  `details` varchar(100) DEFAULT NULL,
  `money` int(11) DEFAULT NULL
) ENGINE=InnoDB DEFAULT CHARSET=utf8mb4 COLLATE=utf8mb4_general_ci;

-- --------------------------------------------------------

--
-- 資料表結構 `incomestatement`
--

CREATE TABLE `incomestatement` (
  `id` int(11) NOT NULL,
  `startdate` date NOT NULL,
  `enddate` date NOT NULL,
  `maincategoryid` int(11) DEFAULT NULL,
  `subcategoryid` int(11) DEFAULT NULL,
  `totalrevenue` double NOT NULL DEFAULT 0,
  `totalcost` double NOT NULL DEFAULT 0,
  `operatingprofit` double GENERATED ALWAYS AS (`totalrevenue` - `totalcost`) STORED,
  `nonoperatingincomeandexpense` double NOT NULL DEFAULT 0,
  `incomebeforetax` double GENERATED ALWAYS AS (`operatingprofit` + `nonoperatingincomeandexpense`) STORED,
  `tax` double NOT NULL DEFAULT 0,
  `netincome` double GENERATED ALWAYS AS (`incomebeforetax` - `tax`) STORED,
  `createdat` timestamp NOT NULL DEFAULT current_timestamp()
) ENGINE=InnoDB DEFAULT CHARSET=utf8mb4 COLLATE=utf8mb4_general_ci;

-- --------------------------------------------------------

--
-- 資料表結構 `logistics`
--

CREATE TABLE `logistics` (
  `logisticsid` int(11) NOT NULL,
  `comname` varchar(100) DEFAULT NULL
) ENGINE=InnoDB DEFAULT CHARSET=utf8mb4 COLLATE=utf8mb4_general_ci;

--
-- 傾印資料表的資料 `logistics`
--

INSERT INTO `logistics` (`logisticsid`, `comname`) VALUES
(1, '黑貓宅急便'),
(2, '嘉里大榮貨運');

-- --------------------------------------------------------

--
-- 資料表結構 `maincategory`
--

CREATE TABLE `maincategory` (
  `maincategoryid` int(11) NOT NULL,
  `salesid` int(11) DEFAULT NULL,
  `categoryname` varchar(100) NOT NULL,
  `status` varchar(50) DEFAULT NULL
) ENGINE=InnoDB DEFAULT CHARSET=utf8mb4 COLLATE=utf8mb4_general_ci;

--
-- 傾印資料表的資料 `maincategory`
--

INSERT INTO `maincategory` (`maincategoryid`, `salesid`, `categoryname`, `status`) VALUES
(1, 1, '質感櫃子', 'sale'),
(2, 2, '流行桌子', 'sale'),
(3, 3, '時尚椅子', 'sale'),
(4, 1, '實用沙發', 'sale'),
(5, 2, '超美燈具', 'sale'),
(6, 3, '舒適寢具', 'sale');

-- --------------------------------------------------------

--
-- 資料表結構 `members`
--

CREATE TABLE `members` (
  `memberid` int(11) NOT NULL,
  `realname` varchar(100) DEFAULT NULL,
  `gender` int(11) DEFAULT NULL,
  `password` varchar(100) DEFAULT NULL,
  `email` varchar(100) NOT NULL,
  `phone` varchar(100) DEFAULT NULL,
  `birthday` date DEFAULT NULL,
  `postalcode` int(11) DEFAULT NULL,
  `city` varchar(100) DEFAULT NULL,
  `address` varchar(100) DEFAULT NULL,
  `registrationdate` date DEFAULT NULL,
  `reset` varchar(100) DEFAULT NULL
) ENGINE=InnoDB DEFAULT CHARSET=utf8mb4 COLLATE=utf8mb4_general_ci;

--
-- 傾印資料表的資料 `members`
--

INSERT INTO `members` (`memberid`, `realname`, `gender`, `password`, `email`, `phone`, `birthday`, `postalcode`, `city`, `address`, `registrationdate`, `reset`) VALUES
(1, '李佳怡', 0, '$2a$10$Nl11up44CSwvWLbISpRCEeRtN8eQ4kE0MU3EgOvMMVMr.9XqRtPoO', 'test001@yahoo.com.tw', '0952-315-752', '1985-01-22', 100, '台北市', '中正區中山南路21號', '2025-01-27', NULL),
(2, '王浩軒', 1, '$2a$10$4H9G1vulFeukfToKqykm6eVvk0toLLIZIOQE6JXYB5nsDcZ01JVa.', 'test002@yahoo.com.tw', '0952-362-954', '1996-03-15', 200, '基隆市', '仁愛區南榮路198號', '2025-01-27', NULL),
(3, '張婷婷', 0, '$2a$10$5lGm3i.F1cho/QVMfmdJjuuzcTf3vlQXvpNpv1uffH7QEyQ0Vj7s2', 'test003@yahoo.com.tw', '0987-652-999', '1988-06-22', 207, '新北市', '萬里區公館崙52之2號', '2025-01-27', NULL),
(4, '劉宇航', 1, '$2a$10$Xf/I9j8GMPKH6ftRRmNZJOz8Sy6CmvB2jvBa9flhIURsYjinq2Xvu', 'test004@yahoo.com.tw', '0985-654-333', '1989-12-05', 265, '宜蘭縣', '羅東鎮民生路36號1樓', '2025-01-27', NULL),
(5, '陳梓涵', 0, '$2a$10$KKapq32AXXUnbY2HFUnz4OSFrniRuaHgBB5YkoBStjJG51sDx9/PS', 'test005@yahoo.com.tw', '0987-556-222', '1994-02-22', 300, '新竹市', '北區金雅七街98號', '2025-01-27', NULL),
(6, '楊浩然', 1, '$2a$10$.Alpqayc84ev.0q6/UgeROp/3S2x.1RNrp8Z9Xcyl9AAjLX4Rpg5.', 'test006@yahoo.com.tw', '0987-998-665', '1989-12-23', 302, '新竹縣', '竹北市光明六路89號', '2025-01-27', NULL),
(7, '黃秀英', 0, '$2a$10$qj4bgJUL4lSLGS1ORawux.TtHqC1pl9pRxcQNxp8Evuf85nDDEGvq', 'test007@yahoo.com.tw', '0995-698-654', '1975-05-03', 320, '桃園市', '中壢區萬能路1號', '2025-01-27', NULL),
(8, '趙建華', 1, '$2a$10$CjJ23cZi1.eDEnTvbtiSTuGLkOjQMNW36/W9L82st2MOynaVreLsi', 'test008@yahoo.com.tw', '0987-547-585', '1990-04-01', 350, '苗栗縣', '竹南鎮龍江街372巷133-1號', '2025-01-27', NULL),
(9, '周秀蘭', 0, '$2a$10$KtHdU4Zk.35zJOSwHcx.P.ewvOyu5mGymB.GtiNp1VaCTnN0ParZ2', 'test009@yahoo.com.tw', '0988-555-666', '1989-02-13', 400, '台中市', '中區三民路二段87號', '2025-01-27', NULL),
(10, '吳建國', 1, '$2a$10$aEVWOfNp.czdRWnOQnt3DeNH6Kt5xL3nEfKn5RKQWyiqt5AS9stJm', 'test010@yahoo.com.tw', '0985-632-214', '1988-07-12', 500, '彰化縣', '彰化市南郭路一段66號', '2025-01-27', NULL),
(11, '大偉哥', 1, '$2a$10$7GhQO/KyeprJb/IJiLQsuejB9ROrbH35eYrPGyW1IM.d5WTsma9yu', 'wei0324@yahoo.com.tw', '0988-456-455', '2000-03-24', 500, '彰化縣', '彰化市彰化市', '2025-01-30', NULL),
(12, NULL, NULL, NULL, 'jkwg423@gmail.com', NULL, NULL, NULL, NULL, NULL, '2025-02-02', NULL);

-- --------------------------------------------------------

--
-- 資料表結構 `message`
--

CREATE TABLE `message` (
  `messageid` int(11) NOT NULL,
  `receiverid` int(11) DEFAULT NULL,
  `senderid` int(11) DEFAULT NULL,
  `content` varchar(100) DEFAULT NULL,
  `timestamp` bigint(20) DEFAULT NULL,
  `isfrontread` tinyint(1) DEFAULT NULL,
  `isbackread` tinyint(1) DEFAULT NULL
) ENGINE=InnoDB DEFAULT CHARSET=utf8mb4 COLLATE=utf8mb4_general_ci;

--
-- 傾印資料表的資料 `message`
--

INSERT INTO `message` (`messageid`, `receiverid`, `senderid`, `content`, `timestamp`, `isfrontread`, `isbackread`) VALUES
(1, 0, 11, '123', 1738338817947, 1, 1),
(2, 0, 12, '可以退費嗎？', 1738504786200, 1, 1),
(3, 12, 0, '(此為自動回覆訊息)\n\n很抱歉，我們的商品不提供退貨或換貨服務。請在購買前仔細確認商品資訊，如有任何疑問，歡迎在下單前聯繫客服，我們很樂意為您解答。', 1738504786211, 1, 1),
(4, 0, 12, '怎麼付款', 1738504809283, 1, 1),
(5, 12, 0, '(此為自動回覆訊息)\n\n我們提供信用卡付款與貨到付款，讓您選擇最方便的支付方式。', 1738504809294, 1, 1),
(6, 0, 12, '配送方式有哪些', 1738504817370, 1, 1),
(7, 12, 0, '(此為自動回覆訊息)\n\n我們的配送方式包含黑貓宅急便與大榮貨運，將以最快速、安全的方式將您的商品送達指定地址。', 1738504817377, 1, 1),
(8, 0, 12, '休假', 1738504849157, 1, 1),
(9, 12, 0, '(此為自動回覆訊息)\n\n我們的客服時間為週一至週五 09:00-18:00（國定假日除外）。如果您在休假期間有問題，請先參考Q&A或透過訂單系統查詢進度，客服將在上班後盡快回覆您！', 1738504849168, 1, 1),
(10, 0, 12, '休假', 1738504857754, 1, 1),
(11, 0, 12, '崇瑋怎麼樣', 1738504884625, 1, 1),
(12, 12, 0, '好色喔', 1738504884631, 1, 1);

-- --------------------------------------------------------

--
-- 資料表結構 `mykeep`
--

CREATE TABLE `mykeep` (
  `mykeepid` int(11) NOT NULL,
  `memberid` int(11) DEFAULT NULL,
  `productid` int(11) DEFAULT NULL
) ENGINE=InnoDB DEFAULT CHARSET=utf8mb4 COLLATE=utf8mb4_general_ci;

--
-- 傾印資料表的資料 `mykeep`
--

INSERT INTO `mykeep` (`mykeepid`, `memberid`, `productid`) VALUES
(2, 11, 209),
(3, 11, 211),
(4, 11, 213);

-- --------------------------------------------------------

--
-- 資料表結構 `orderdetails`
--

CREATE TABLE `orderdetails` (
  `orderdetailid` int(11) NOT NULL,
  `orderid` int(11) DEFAULT NULL,
  `productid` int(11) DEFAULT NULL,
  `colorsid` int(11) DEFAULT NULL,
  `quantity` int(11) NOT NULL,
  `price` int(11) DEFAULT NULL
) ENGINE=InnoDB DEFAULT CHARSET=utf8mb4 COLLATE=utf8mb4_general_ci;

--
-- 傾印資料表的資料 `orderdetails`
--

INSERT INTO `orderdetails` (`orderdetailid`, `orderid`, `productid`, `colorsid`, `quantity`, `price`) VALUES
(1, 1, 11, 11, 1, NULL),
(2, 1, 5, 5, 1, NULL),
(3, 2, 118, 118, 1, NULL),
(4, 2, 108, 108, 2, NULL),
(5, 3, 182, 182, 1, NULL),
(6, 3, 178, 178, 2, NULL),
(7, 4, 204, 204, 1, NULL),
(8, 4, 207, 207, 2, NULL),
(9, 5, 221, 221, 1, NULL),
(10, 5, 219, 219, 2, NULL),
(11, 6, 236, 236, 1, NULL),
(12, 6, 237, 237, 2, NULL),
(13, 7, 29, 29, 1, NULL),
(14, 7, 25, 25, 2, NULL),
(15, 8, 143, 143, 1, NULL),
(16, 8, 141, 141, 2, NULL),
(17, 9, 184, 184, 1, NULL),
(18, 9, 185, 185, 2, NULL),
(19, 10, 211, 211, 1, NULL),
(20, 10, 213, 213, 2, NULL),
(21, 11, 226, 226, 1, NULL),
(22, 11, 225, 225, 2, NULL),
(23, 12, 241, 241, 2, NULL),
(24, 12, 240, 240, 2, NULL),
(25, 13, 207, 207, 1, NULL);

-- --------------------------------------------------------

--
-- 資料表結構 `orders`
--

CREATE TABLE `orders` (
  `orderid` int(11) NOT NULL,
  `memberid` int(11) DEFAULT NULL,
  `recipient` varchar(100) DEFAULT NULL,
  `ordercity` varchar(100) DEFAULT NULL,
  `district` varchar(100) DEFAULT NULL,
  `address` varchar(100) DEFAULT NULL,
  `phone` varchar(100) DEFAULT NULL,
  `paymentmethod` varchar(100) DEFAULT NULL,
  `shippingmethod` varchar(100) DEFAULT NULL,
  `totalprice` double NOT NULL,
  `orderserial` varchar(100) DEFAULT NULL,
  `logisticsid` int(11) DEFAULT NULL,
  `logisticsnumber` varchar(100) DEFAULT NULL,
  `orderstatus` varchar(50) DEFAULT NULL,
  `orderdate` date NOT NULL,
  `deliverydate` date DEFAULT NULL,
  `estimateddeliverydate` datetime DEFAULT NULL
) ENGINE=InnoDB DEFAULT CHARSET=utf8mb4 COLLATE=utf8mb4_general_ci;

--
-- 傾印資料表的資料 `orders`
--

INSERT INTO `orders` (`orderid`, `memberid`, `recipient`, `ordercity`, `district`, `address`, `phone`, `paymentmethod`, `shippingmethod`, `totalprice`, `orderserial`, `logisticsid`, `logisticsnumber`, `orderstatus`, `orderdate`, `deliverydate`, `estimateddeliverydate`) VALUES
(1, 1, '李佳怡', '台北市', '中正區', '公益路二段51號18樓', '0952-315-752', '信用卡付款', '宅配', 27260, '11738257454035', 1, 'CAT0006488E', '準備中', '2024-01-31', '2024-02-04', '2024-02-05 00:00:00'),
(2, 2, '王浩軒', '新竹市', '東區', '公益路二段51號18樓', '0952-362-954', '貨到付款', '宅配', 54190, '21738257842013', 2, 'KTJB4AE420A', '準備中', '2024-02-28', '2024-03-04', '2024-03-05 00:00:00'),
(3, 3, '張婷婷', '嘉義市', '東區', '公益路二段51號18樓', '0987-652-999', '信用卡付款', '宅配', 9877, '31738257895194', 1, 'CAT27143240', '準備中', '2024-03-31', '2024-04-04', '2024-04-05 00:00:00'),
(4, 4, '劉宇航', '花蓮縣', '花蓮市', '公益路二段51號18樓', '0985-654-333', '貨到付款', '宅配', 31600, '41738257954635', 2, 'KTJ23A4CF55', '準備中', '2024-04-30', '2024-05-04', '2024-05-05 00:00:00'),
(5, 5, '陳梓涵', '澎湖縣', '馬公市', '公益路二段51號18樓', '0987-556-222', '信用卡付款', '宅配', 3657, '51738258000408', 1, 'CAT1694E0D0', '準備中', '2024-05-31', '2024-06-04', '2024-06-05 00:00:00'),
(6, 6, '楊浩然', '新北市', '板橋區', '公益路二段51號18樓', '0987-998-665', '貨到付款', '宅配', 24178, '61738258046200', 2, 'KTJFBB00A71', '準備中', '2024-06-30', '2024-07-04', '2024-07-05 00:00:00'),
(7, 7, '黃秀英', '苗栗縣', '苗栗市', '公益路二段51號18樓', '0995-698-654', '信用卡付款', '宅配', 16217, '71738258470025', 2, 'KTJ68418AAF', '準備中', '2024-07-31', '2024-08-04', '2024-08-05 00:00:00'),
(8, 8, '趙建華', '台南市', '東區', '公益路二段51號18樓', '0987-547-585', '貨到付款', '宅配', 18777, '81738258521175', 1, 'CAT966E84C8', '準備中', '2024-08-31', '2024-09-04', '2024-09-05 00:00:00'),
(9, 9, '周秀蘭', '台東縣', '台東市', '公益路二段51號18樓', '0988-555-666', '信用卡付款', '宅配', 22817, '91738258565072', 1, 'CAT9BE2284D', '準備中', '2024-09-30', '2024-10-04', '2024-10-05 00:00:00'),
(10, 10, '吳建國', '金門縣', '金城鎮', '公益路二段51號18樓', '0985-632-214', '貨到付款', '宅配', 17330, '101738258649203', 1, 'CATF1CA69F8', '準備中', '2024-10-31', '2024-11-04', '2024-11-05 00:00:00'),
(11, 1, '李佳怡', '基隆市', '信義區', '公益路二段51號18樓', '0952-315-752', '信用卡付款', '宅配', 3277, '11738258719857', 1, 'CAT3E457A16', '準備中', '2024-11-30', '2024-12-04', '2024-12-05 00:00:00'),
(12, 2, '王浩軒', '台中市', '南屯區', '公益路二段51號18樓', '0952-362-954', '貨到付款', '宅配', 56180, '121738258763892', 2, 'KTJ52F65A9F', '準備中', '2024-12-31', '2025-01-04', '2025-01-05 00:00:00'),
(13, 12, '瑋', '台南市', '安平區', '隨便', '0911-111-111', '貨到付款', '宅配', 9925, '121738505617774', 1, 'CATCC58CF4F', '準備中', '2025-02-02', '2025-02-11', '2025-02-12 00:00:00');

-- --------------------------------------------------------

--
-- 資料表結構 `product`
--

CREATE TABLE `product` (
  `productid` int(11) NOT NULL,
  `productname` varchar(100) NOT NULL,
  `productdescription` varchar(10000) DEFAULT NULL,
  `maincategoryid` int(11) DEFAULT NULL,
  `subcategoryid` int(11) DEFAULT NULL,
  `supplierid` int(11) DEFAULT NULL,
  `width` double DEFAULT NULL,
  `height` double DEFAULT NULL,
  `depth` double DEFAULT NULL,
  `unitprice` int(11) DEFAULT NULL,
  `discountprice` int(11) DEFAULT NULL,
  `productcost` int(11) DEFAULT NULL,
  `status` varchar(50) DEFAULT NULL,
  `unitsold` int(11) DEFAULT NULL,
  `rating` double DEFAULT NULL,
  `reviewcount` int(11) DEFAULT NULL,
  `updateat` date DEFAULT NULL
) ENGINE=InnoDB DEFAULT CHARSET=utf8mb4 COLLATE=utf8mb4_general_ci;

--
-- 傾印資料表的資料 `product`
--

INSERT INTO `product` (`productid`, `productname`, `productdescription`, `maincategoryid`, `subcategoryid`, `supplierid`, `width`, `height`, `depth`, `unitprice`, `discountprice`, `productcost`, `status`, `unitsold`, `rating`, `reviewcount`, `updateat`) VALUES
(1, 'BRIMNES 雙門衣櫃/衣櫥', '對整個家庭來說，家應是安全的地方；產品附安全配件，讓你將衣櫃固定在牆上\r\n可搭配SKUBB儲物盒，整齊收納物品\r\n適合掛置各式衣物及收納摺疊衣物', 1, 1, 1, 78, 190, 50, 4499, 4454, 2000, '', NULL, NULL, NULL, '2025-02-02'),
(2, 'BRIMNES 三門衣櫃/衣櫥', '對整個家庭來說，家應是安全的地方；產品附安全配件，讓你將衣櫃固定在牆上\r\n\r\n鏡門可安裝在左側、右側或中間\r\n\r\n含可調式層板，可依需求調整儲物空間\r\n\r\n可搭配SKUBB內部配件，整齊收納物品', 1, 1, 1, 116.7, 190, 50.2, 6799, 6799, 3000, NULL, NULL, NULL, NULL, '2025-01-26'),
(3, 'BRUKSVARA 2門2抽衣櫃/衣櫥', '抽屜滑順好開，附防滑落裝置\r\n\r\n可調式鉸鏈，調校門板安裝在準確的位置\r\n\r\n適合掛置各式衣物及收納摺疊衣物\r\n\r\n塑膠支腳可保護地板，避免刮傷\r\n\r\n對整個家庭來說，家應是安全的地方；產品附安全配件，讓你將衣櫃固定在牆上\r\n\r\n附2個掛鉤，適合掛袋、圍巾、輕便外套、狗鏈和其他物件，方便隨手取用', 1, 1, 1, 79.4, 201, 56.5, 3999, 3999, 1000, NULL, NULL, NULL, NULL, '2025-01-26'),
(5, 'GLAMBERGET 衣櫃附3滑門', '衣櫃可前後開關，適合放在房間中央作為間隔使用\r\n\r\n兩個可調節的層架，方便按你需要設定收納空間\r\n\r\n適合掛起長、短或放入摺疊衣物。 底部空間可以放置鞋履，甚至是吸塵器\r\n\r\n其高度讓你可以善用頂部空間來儲物；更可讓光線透進來\r\n\r\n將帽子、手袋或珠寶首飾等細物掛在衣櫃外的吊衣桿上\r\n\r\n吊衣桿可作調節，方便你將衣櫃放近牆邊\r\n\r\n實心松木製成，這種天然材質會隨使用時間而更顯美麗，且賦予每件家具獨一無二的外觀\r\n\r\n表面耐用，容易保持乾淨\r\n\r\n可完美搭配GLAMBERGET系列其他家具', 1, 1, 1, 117, 150, 63, 12990, 12990, 5000, NULL, NULL, NULL, NULL, '2025-01-26'),
(6, 'GURSKEN 衣櫃/衣櫥', '有吊衣桿和一塊層板，就能簡單方便掛起和放置衣物\r\n\r\n對整個家庭來說，家應是安全的地方；產品附安全配件，讓你將衣櫃固定在牆上', 1, 1, 1, 49.4, 185.7, 55, 1799, 1799, 500, NULL, NULL, NULL, NULL, '2025-01-26'),
(7, 'HAUGA 滑門衣櫃', '對整個家庭來說，家應該是安全的地方；產品附安全配件，可將收納櫃固定在牆上\r\n\r\n除了單獨使用，亦可搭配HAUGA系列其他家具，以打造一致風格，或更大的收納組合\r\n\r\nHAUGA 儲物組合既能按你的需要盡用空間，又能保持一致風格\r\n\r\n適合掛置各式衣物及收納摺疊衣物\r\n\r\n滑門打開時不佔空間，可提供更多空間擺放家具\r\n\r\n安裝SKOGSVIKEN 掛鉤於衣櫃旁，可掛放手提包、浴袍及飾物，方便拿取', 1, 1, 1, 118, 199, 55, 6999, 6999, 2000, NULL, NULL, NULL, NULL, '2025-01-26'),
(9, 'IDANÄS 開放式衣櫃/衣櫥', '對整個家庭來說，家應是安全的地方；產品附安全配件，讓你將衣櫃固定在牆上\r\n\r\n可清楚看到及方便拿取衣物\r\n\r\n可以雙面轉動，視乎你喜歡和需要收納的物品\r\n\r\n附一片可調式層板，可依不同需求調整儲物空間\r\n\r\n無論是獨立使用還是配合其他家具，IDANÄS系列都能滿足你所需\r\n\r\n組裝時將楔形暗榫卡入預鑽孔即可，簡單容易', 1, 1, 1, 59, 211, 49, 8999, 8999, 3000, NULL, NULL, NULL, NULL, '2025-01-26'),
(10, 'IDANÄS 櫃附摺門', '對整個家庭來說，家應該是安全的地方；產品附安全配件，可將收納櫃固定在牆上\r\n\r\n折疊門開啓時佔少量空間，為其他家具家留下更多空間\r\n\r\n多功能設計，可收納衣物或襪子、蓋毯、飾品等日用品\r\n\r\n無論是獨立使用還是配合其他家具，IDANÄS系列都能滿足你所需\r\n\r\n組裝時將楔形暗榫卡入預鑽孔即可，簡單容易', 1, 1, 1, 121, 135, 50, 11990, 11990, 4000, NULL, NULL, NULL, NULL, '2025-01-26'),
(11, 'IDANÄS 衣櫃/衣櫥', '適合掛置各式衣物及收納摺疊衣物\r\n\r\n含可調式層板，可依需求調整儲物空間\r\n\r\n對整個家庭來說，家應是安全的地方；產品附安全配件，讓你將衣櫃固定在牆上\r\n\r\n折疊門開啓時佔少量空間，為其他家具家留下更多空間\r\n\r\n無論是獨立使用還是配合其他家具，IDANÄS系列都能滿足你所需\r\n\r\n組裝時將楔形暗榫卡入預鑽孔即可，簡單容易', 1, 1, 1, 121, 59, 211, 13990, 13990, 5000, NULL, NULL, NULL, NULL, '2025-01-26'),
(13, 'IDANÄS 櫃附摺門', '對整個家庭來說，家應該是安全的地方；產品附安全配件，可將收納櫃固定在牆上\r\n\r\n折疊門開啓時佔少量空間，為其他家具家留下更多空間\r\n\r\n多功能設計，可收納衣物或襪子、蓋毯、飾品等日用品\r\n\r\n無論是獨立使用還是配合其他家具，IDANÄS系列都能滿足你所需\r\n\r\n組裝時將楔形暗榫卡入預鑽孔即可，簡單容易', 1, 1, 1, 121, 135, 50, 9990, 9990, 2000, NULL, NULL, NULL, NULL, '2025-01-26'),
(14, 'KLEPPSTAD 三門衣櫃', '對整個家庭來說，家應是安全的地方；產品附安全配件，讓你將衣櫃固定在牆上\r\n\r\n打造專屬的KLEPPSTAD衣櫃組合，充分運用儲物空間，創造整體風格', 1, 1, 1, 117, 176, 55, 3199, 3199, 800, NULL, NULL, NULL, NULL, '2025-01-26'),
(15, 'KLEPPSTAD 滑門衣櫃', '對整個家庭來說，家應是安全的地方；產品附安全配件，讓你將衣櫃固定在牆上', 1, 1, 1, 117, 176, 55, 3999, 3999, 1000, NULL, NULL, NULL, NULL, '2025-01-26'),
(16, 'KLEPPSTAD 雙門衣櫃/衣櫥', '對整個家庭來說，家應是安全的地方；產品附安全配件，讓你將衣櫃固定在牆上\r\n\r\n打造專屬的KLEPPSTAD衣櫃組合，充分運用儲物空間，創造整體風格\r\n\r\n可購買KLEPPSTAD層板，打造符合個人需求的專屬收納組合', 1, 1, 1, 79.4, 176, 55, 2499, 2499, 600, NULL, NULL, NULL, NULL, '2025-01-26'),
(17, 'NORDKISA 開放式滑門衣櫃', '可將衣櫃較短的一側固定在牆上，當作房間隔屏\r\n\r\n一邊是固定側板，一邊是滑門，開放式儲物空間，也能提供隱密性\r\n\r\n滑開櫃門，即可拿取層板上的物品；不妨用層板展示收藏品\r\n\r\nNORDKISA竹製家具適合搭配NORDLI、ELVARLI系列\r\n\r\n可從左側或右側滑開櫃門，拿取衣物', 1, 1, 1, 120, 186, 47, 8499, 8499, 900, NULL, NULL, NULL, NULL, '2025-01-26'),
(18, 'RAKKESTAD 滑門衣櫃', '滑門打開時不佔空間，可提供更多空間擺放家具\r\n\r\n對整個家庭來說，家應是安全的地方；產品附安全配件，讓你將衣櫃固定在牆上\r\n\r\n根據空間和個人需求，可單獨使用，或搭配其他RAKKESTAD衣櫃', 1, 1, 1, 117, 176, 55, 4999, 4999, 600, NULL, NULL, NULL, NULL, '2025-01-26'),
(19, 'RAKKESTAD 三門衣櫃/衣櫥', '對整個家庭來說，家應是安全的地方；產品附安全配件，讓你將衣櫃固定在牆上\r\n\r\n打造專屬的RAKKESTAD衣櫃組合，充分運用儲物空間，創造整體風格\r\n\r\n可購買RAKKESTAD層板，打造符合個人需求的專屬收納組合', 1, 1, 1, 117, 176, 55, 4299, 4299, 1000, NULL, NULL, NULL, NULL, '2025-01-26'),
(20, 'SONGESAND 衣櫃/衣櫥', '附鏡門，不需擺放鏡子，可節省空間\r\n\r\n搭配可調式層板和吊衣桿，可依個人需求創造專屬的儲物空間\r\n\r\n利用盒子或間隔來收納細小的物件，方便找出來。STUK和SKUBB貯物系列有合適的產品，滿足你的需求', 1, 1, 1, 119.6, 191, 60, 7799, 7799, 2000, NULL, NULL, NULL, NULL, '2025-01-26'),
(21, 'BISSA 三格鞋櫃', '可同時收納鞋子及節省空間\r\n\r\n隔板可抽取移動，輕鬆調整分隔配置\r\n\r\n鞋櫃有充裕空間，而且通風，讓鞋履保持乾爽，歷久如新\r\n\r\n鞋櫃背面有缺口設計，讓它可以避過踢腳板，穩固貼合安裝到牆壁上', 1, 2, 2, 49, 135, 28, 1499, 1499, 300, NULL, NULL, NULL, NULL, '2025-01-26'),
(23, 'BISSA 雙層鞋櫃', '可同時收納鞋子及節省空間\r\n\r\n隔板可抽取移動，輕鬆調整分隔配置\r\n\r\n鞋櫃有充裕空間，而且通風，讓鞋履保持乾爽，歷久如新\r\n\r\n鞋櫃背面有缺口設計，讓它可以避過踢腳板，穩固貼合安裝到牆壁上', 1, 2, 2, 49, 93, 28, 999, 999, 50, NULL, NULL, NULL, NULL, '2025-01-26'),
(25, 'HEMNES 雙層鞋櫃', '僅前方有櫃腳，使櫃子立於踢腳板上方，緊貼牆壁\r\n\r\n每層都有雙排設計，給你充裕空間放置鞋履\r\n\r\n可同時收納鞋子及節省空間\r\n\r\n可保持通風，使鞋子常保新穎', 1, 2, 2, 89, 127, 30, 4999, 4999, 1000, NULL, NULL, NULL, NULL, '2025-01-26'),
(26, 'KLEPPSTAD 鞋櫃/收納櫃', '可同時收納鞋子及節省空間', 1, 2, 2, 80, 117, 35, 1999, 1999, 800, NULL, NULL, NULL, NULL, '2025-01-26'),
(27, 'MACKAPÄR 鞋櫃/收納櫃', '可上下堆疊使用，增加收納空間\r\n\r\n可依鞋子尺寸水平或傾斜安裝層板\r\n\r\n滑門設計，可節省空間，適合小空間使用', 1, 2, 2, 80, 102, 35, 2799, 2799, 700, NULL, NULL, NULL, NULL, '2025-01-26'),
(28, 'MACKAPÄR 附滑門收納長凳', '這款收納長凳附層板和滑門，適用於狹小的地方、玄關或走廊，省卻普通門打開時擋路的問題\r\n\r\n非常實用，把鞋子、運動袋或其他日常用品統統收好。 網狀材質既可隱藏東西，亦能提供很好的通風效果\r\n\r\n可以坐在長凳上穿鞋子，把書包或雜貨袋放在上面也可以\r\n\r\n深度為35公分的收納長凳，可以放最大為50號的鞋子， 亦可按需要自行調節層板高度', 1, 2, 2, 100, 52, 37, 2499, 2499, 1200, NULL, NULL, NULL, NULL, '2025-01-26'),
(29, 'STÄLL 三格鞋櫃', '可同時收納鞋子及節省空間\r\n\r\n每層都有雙排設計，給你充裕空間放置鞋履\r\n\r\n每層都有雙排設計，給你充裕空間放置鞋履\r\n\r\n僅前方有櫃腳，使櫃子立於踢腳板上方，緊貼牆壁\r\n\r\n鞋櫃有充裕空間，而且通風，讓鞋履保持乾爽，歷久如新\r\n\r\n實木貼皮材質，擁有實木般外觀、質感和美麗，表面有獨特的紋理、色澤變化\r\n\r\n鏤空把手有金屬邊，讓鞋櫃更加耐用，也能看出設計師的細緻心思\r\n\r\n有腳鞋櫃方便清潔櫃底\r\n\r\n只在櫃前設有櫃腳，讓櫃可以架在踢腳板上，完全緊貼牆壁', 1, 2, 2, 79, 148, 29, 5999, 5999, 1000, NULL, NULL, NULL, NULL, '2025-01-26'),
(30, 'STÄLL 四層鞋櫃', '可同時收納鞋子及節省空間\r\n\r\n僅前方有櫃腳，使櫃子立於踢腳板上方，緊貼牆壁\r\n\r\n鞋櫃有充裕空間，而且通風，讓鞋履保持乾爽，歷久如新\r\n\r\n鏤空把手有金屬邊，讓鞋櫃更加耐用，也能看出設計師的細緻心思\r\n\r\n只在櫃前設有櫃腳，讓櫃可以架在踢腳板上，完全緊貼牆壁\r\n\r\n有腳鞋櫃方便清潔櫃底', 1, 2, 2, 96, 90, 17, 3499, 3499, 1200, NULL, NULL, NULL, NULL, '2025-01-26'),
(32, 'STÄLL 三格鞋櫃', '可同時收納鞋子及節省空間\r\n\r\n每層都有雙排設計，給你充裕空間放置鞋履\r\n\r\n每層都有雙排設計，給你充裕空間放置鞋履\r\n\r\n僅前方有櫃腳，使櫃子立於踢腳板上方，緊貼牆壁\r\n\r\n鞋櫃有充裕空間，而且通風，讓鞋履保持乾爽，歷久如新\r\n\r\n鏤空把手有金屬邊，讓鞋櫃更加耐用，也能看出設計師的細緻心思\r\n\r\n有腳鞋櫃方便清潔櫃底\r\n\r\n只在櫃前設有櫃腳，讓櫃可以架在踢腳板上，完全緊貼牆壁', 1, 2, 2, 79, 148, 29, 4999, 4999, 1200, NULL, NULL, NULL, NULL, '2025-01-26'),
(33, 'VITBERGET 鞋櫃/收納櫃', '可同時收納鞋子及節省空間\r\n\r\n抽屜和附可調式層板的開放式儲物隔層，適合放鞋子、提袋和配件\r\n\r\n兼具開放和隱藏的儲物方式，可隱藏或展示物品\r\n\r\n提供足夠空間放置帽子、手套、袋子及存放衣物清潔用品等小物的收納盒', 1, 2, 2, 105, 107, 40, 3299, 3299, 1000, NULL, NULL, NULL, NULL, '2025-01-26'),
(34, 'TRONES 鞋櫃/收納櫃', '深度淺，不佔空間，適合收納鞋子、手套和圍巾\r\n\r\n可依儲物需求，堆疊或並排數個鞋櫃\r\n\r\n頂部槽狀設計，可放置鑰匙、硬幣和手機等小物\r\n\r\n門板容易拆下，方便清潔內部', 1, 2, 2, 52, 39, 18, 699, 699, 80, NULL, NULL, NULL, NULL, '2025-01-26'),
(35, 'TRONES 鞋櫃/收納櫃', '深度淺，不佔空間，適合收納鞋子、手套和圍巾\r\n\r\n可依儲物需求，堆疊或並排數個鞋櫃\r\n\r\n頂部槽狀設計，可放置鑰匙、硬幣和手機等小物\r\n\r\n門板容易拆下，方便清潔內部', 1, 2, 2, 52, 39, 18, 699, 699, 200, NULL, NULL, NULL, NULL, '2025-01-26'),
(36, 'BRUSALI 三格鞋櫃', '可同時收納鞋子及節省空間\r\n\r\n隔板可抽取移動，輕鬆調整分隔配置\r\n\r\n可保持通風，使鞋子常保新穎', 1, 2, 2, 61, 130, 30, 2499, 2499, NULL, NULL, NULL, NULL, NULL, '2025-01-26'),
(37, 'BRUSALI 三格鞋櫃', '可同時收納鞋子及節省空間\r\n\r\n隔板可抽取移動，輕鬆調整分隔配置\r\n\r\n可保持通風，使鞋子常保新穎', 1, 2, 2, 61, 130, 30, 2499, 2499, 600, NULL, NULL, NULL, NULL, '2025-01-26'),
(38, 'HEMNES 四層鞋櫃', '可同時收納鞋子及節省空間\r\n\r\n可保持通風，使鞋子常保新穎\r\n\r\n僅前方有櫃腳，使櫃子立於踢腳板上方，緊貼牆壁', 1, 2, 2, 107, 101, 22, 3999, 3999, 800, NULL, NULL, NULL, NULL, '2025-01-26'),
(39, 'BAGGEBO 書櫃', '適中的深度設計，能夠更有效的運用牆面空間；雖然佔的空間不大，卻能收納大量物品\r\n\r\n在層板上加入不同收納盒，依照你的收納物品，調整儲物空間，更可增添個人風格\r\n\r\n搭配BAGGEBO收納系列的其他產品，配合展示櫃、電視櫃、隱藏式儲物空間和書櫃，打造出整齊統一的收納方案', 1, 3, 12, 50, 160, 25, 699, 699, 200, NULL, NULL, NULL, NULL, '2025-01-26'),
(40, 'BAGGEBO 書櫃', '適中的深度設計，能夠更有效的運用牆面空間；雖然佔的空間不大，卻能收納大量物品\r\n\r\n在層板上加入不同收納盒，依照你的收納物品，調整儲物空間，更可增添個人風格\r\n\r\n搭配BAGGEBO收納系列的其他產品，配合展示櫃、電視櫃、隱藏式儲物空間和書櫃，打造出整齊統一的收納方案', 1, 3, 12, 50, 80, 30, 479, 479, 150, NULL, NULL, NULL, NULL, '2025-01-26'),
(41, 'BILLY 書櫃連書桌和抽屜', '寬敞的抽屜，給你充裕空間放置紙板遊戲、電線、健身器材和其他常用，但不用時要收藏起來的物品\r\n\r\n可安裝抽屜滑軌，將抽屜固定在書櫃內，避免被拉出得太遠\r\n\r\n含輪腳，容易拉出和推回床底\r\n\r\n書櫃的可調節層架讓你自行決定抽屜的容量和功能。 只需將最後一塊層板和抽屜前板對齊，即可做到完全密閉的收納空間，或將其放在最低位置，以便更好地開關抽屜\r\n\r\n書櫃、書桌一體化。 桌子容易拉出和推回，不需使用時可節省空間', 1, 3, 12, 80, 106, 62, 3980, 3980, 1300, NULL, NULL, NULL, NULL, '2025-01-26'),
(42, 'BILLY 書櫃組合/轉角櫃', '附可調式層板，可依需求調整儲物空間\r\n\r\n搭配BILLY轉角配件,即成穩固的轉角儲物櫃', 1, 3, 12, 95, 202, 28, 4670, 4670, 1200, NULL, NULL, NULL, NULL, '2025-01-26'),
(43, 'BILLY 書櫃附高度延伸櫃', '搭配高度延伸櫃，可善用牆面空間\r\n\r\nBILLY書櫃極具靈活性，不單可以當書架，放在家中任何角落，還可以用來作收納組或其他用途\r\n\r\n既淺又可以靈活調校的層板，可按照你的個人需要，自行定制你專屬的BILLY，用來收納日常用品、紀念品或是其他收藏品也很合適\r\n\r\nBILLY簡單經典的設計，只要添加盒子、照明和你喜歡的項目，就能打造出個人化的收納空間', 1, 3, 12, 120, 237, 28, 5820, 5820, 1700, NULL, NULL, NULL, NULL, '2025-01-26'),
(44, 'BILLY 附門書櫃', '附可調式層板，可依需求調整儲物空間\r\n\r\n附可調式鉸鏈，能讓你垂直或橫向調整門板\r\n\r\n組合簡單，適用於有限空間或大型儲物組底座', 1, 3, 12, 80, 202, 30, 3490, 3490, 1200, NULL, NULL, NULL, NULL, '2025-01-26'),
(45, 'BILLY 書櫃', '附可調式層板，可依需求調整儲物空間\r\n\r\n窄層板幫你有效運用有限的牆面空間，妥善收納小物品\r\n\r\n組合簡單，適用於有限空間或大型儲物組底座\r\n\r\nBILLY簡單經典的設計，只要添加盒子、照明和你喜歡的項目，就能打造出個人化的收納空間\r\n\r\n背後有快速固定裝置，方便安裝和拆卸BILLY書櫃。可以帶著它搬家，就不用再買新的了\r\n\r\n為BILLY書櫃加門，可以令它變得更個人化，方便收藏或展示你的珍藏。如此，你的BILLY書櫃不止有全新功能、更有嶄新外貌，配襯家中環境和風格的轉變', 1, 3, 12, 40, 106, 28, 990, 990, 120, NULL, NULL, NULL, NULL, '2025-01-26'),
(46, 'BILLY 書櫃附書桌', '書櫃、書桌一體化。 桌子容易拉出和推回，不需使用時可節省空間\r\n\r\nBILLY簡單經典的設計，只要添加盒子、照明和你喜歡的項目，就能打造出個人化的收納空間\r\n\r\n為BILLY書櫃添加櫃門，讓你可以選擇展示和收起個人物品。 這樣，你的BILLY書櫃就可以隨著你風格和生活狀態改變，而換上新的外觀和功能了\r\n\r\n既淺又可以靈活調校的層板，可按照你的個人需要，自行定制你專屬的BILLY，用來收納日常用品、紀念品或是其他收藏品也很合適', 1, 3, 12, 80, 202, 84, 3790, 3790, 1000, NULL, NULL, NULL, NULL, '2025-01-26'),
(47, 'BILLY 書櫃', '附可調式層板，可依需求調整儲物空間\r\n\r\n搭配高度延伸櫃，可善用牆面空間', 1, 3, 12, 80, 237, 28, 2940, 2940, 800, NULL, NULL, NULL, NULL, '2025-01-26'),
(48, 'BILLY 書櫃', '附可調式層板，可依需求調整儲物空間\r\n\r\n搭配高度延伸櫃，可善用牆面空間\r\n\r\n搭配轉角層架組，可善用更多空間', 1, 3, 12, 350, 237, 28, 10960, 10960, 4000, NULL, NULL, NULL, NULL, '2025-01-26'),
(49, 'BILLY 書櫃', 'BILLY書櫃極具靈活性，不單可以當書架，放在家中任何角落，還可以用來作收納組或其他用途\r\n\r\n既淺又可以靈活調校的層板，可按照你的個人需要，自行定制你專屬的BILLY，用來收納日常用品、紀念品或是其他收藏品也很合適\r\n\r\nBILLY簡單經典的設計，只要添加盒子、照明和你喜歡的項目，就能打造出個人化的收納空間\r\n\r\n為BILLY書櫃添加櫃門，讓你可以選擇展示和收起個人物品。 這樣，你的BILLY書櫃就可以隨著你風格和生活狀態改變，而換上新的外觀和功能了\r\n\r\n如果空間有限，那麼放一組書櫃已經足夠；當然你也可以增加書櫃和層架的數量，打造更大的收納方案，以配合你需要\r\n\r\n背後有快速固定裝置，方便安裝和拆卸BILLY書櫃。可以帶著它搬家，就不用再買新的了', 1, 3, 12, 80, 106, 28, 1790, 1790, 700, NULL, NULL, NULL, NULL, '2025-01-26'),
(51, 'BILLY/HÖGADAL 附門書櫃', '設計師很懶，甚麼都沒留下', 1, 3, 12, 80, 202, 30, 5490, 5490, 1200, NULL, NULL, NULL, NULL, '2025-01-26'),
(52, 'BILLY/HÖGADAL 書櫃附書桌', '書櫃、書桌一體化。 桌子容易拉出和推回，不需使用時可節省空間\r\n\r\n附可調式鉸鏈，能讓你垂直或橫向調整門板\r\n\r\nBILLY簡單經典的設計，只要添加盒子、照明和你喜歡的項目，就能打造出個人化的收納空間\r\n\r\n既淺又可以靈活調校的層板，可按照你的個人需要，自行定制你專屬的BILLY，用來收納日常用品、紀念品或是其他收藏品也很合適\r\n\r\n竹是一種生長得快而且可以循環再造的天然材質， 耐用而且容易打理，可以用上經年', 1, 3, 12, 80, 202, 84, 6190, 6190, 2000, NULL, NULL, NULL, NULL, '2025-01-26'),
(53, 'BILLY/HÖGADAL 附門書櫃', '設計師很懶，甚麼都沒留下', 1, 3, 12, 80, 103, 30, 3890, 3890, 900, NULL, NULL, NULL, NULL, '2025-01-26'),
(54, 'BILLY/OXBERG 附門書櫃', 'BILLY書櫃極具靈活性，不單可以當書架，放在家中任何角落，還可以用來作收納組或其他用途\r\n\r\n門板方便收起藏品，避免沾塵\r\n\r\n既淺又可以靈活調校的層板，可按照你的個人需要，自行定制你專屬的BILLY，用來收納日常用品、紀念品或是其他收藏品也很合適\r\n\r\nBILLY簡單經典的設計，只要添加盒子、照明和你喜歡的項目，就能打造出個人化的收納空間\r\n\r\n背後有快速固定裝置，方便安裝和拆卸BILLY書櫃。可以帶著它搬家，就不用再買新的了\r\n\r\n附可調式鉸鏈，能讓你垂直或橫向調整門板', 1, 3, 12, 40, 202, 30, 2490, 2490, 800, NULL, NULL, NULL, NULL, '2025-01-26'),
(55, 'BILLY/OXBERG 書櫃附高度延伸櫃/門板', '附可調式層板，可依需求調整儲物空間\r\n\r\n附可調式鉸鏈，能讓你垂直或橫向調整門板\r\n\r\n搭配高度延伸櫃，可善用牆面空間', 1, 3, 12, 160, 237, 30, 10680, 10680, 3500, NULL, NULL, NULL, NULL, '2025-01-26'),
(56, 'BILLY/OXBERG 玻璃門書櫃', '設計師很懶，甚麼都沒留下', 1, 3, 12, 40, 202, 30, 3090, 3090, 800, NULL, NULL, NULL, NULL, '2025-01-26'),
(57, 'BILLY/OXBERG 書櫃附門板', '附可調式鉸鏈，能讓你垂直或橫向調整門板\r\n\r\n搭配高度延伸櫃，可善用牆面空間\r\n\r\n可隱藏收納物品，避免沾染灰塵\r\n\r\nBILLY書櫃極具靈活性，不單可以當書架，放在家中任何角落，還可以用來作收納組或其他用途\r\n\r\n既淺又可以靈活調校的層板，可按照你的個人需要，自行定制你專屬的BILLY，用來收納日常用品、紀念品或是其他收藏品也很合適\r\n\r\nBILLY簡單經典的設計，只要添加盒子、照明和你喜歡的項目，就能打造出個人化的收納空間\r\n\r\n背後有快速固定裝置，方便安裝和拆卸BILLY書櫃。可以帶著它搬家，就不用再買新的了', 1, 3, 12, 80, 237, 30, 6090, 6090, 1200, NULL, NULL, NULL, NULL, '2025-01-26'),
(58, 'BILLY/OXBERG 書櫃附背板/玻璃門板', '附可調式鉸鏈，能讓你垂直或橫向調整門板\r\n\r\n可依個人需求隱藏或展示收藏品，且不易沾染灰塵\r\n\r\nBILLY書櫃極具靈活性，不單可以當書架，放在家中任何角落，還可以用來作收納組或其他用途\r\n\r\n既淺又可以靈活調校的層板，可按照你的個人需要，自行定制你專屬的BILLY，用來收納日常用品、紀念品或是其他收藏品也很合適\r\n\r\nBILLY簡單經典的設計，只要添加盒子、照明和你喜歡的項目，就能打造出個人化的收納空間\r\n\r\n背後有快速固定裝置，方便安裝和拆卸BILLY書櫃。可以帶著它搬家，就不用再買新的了', 1, 3, 12, 80, 202, 30, 4790, 4790, 850, NULL, NULL, NULL, NULL, '2025-01-26'),
(59, 'BAGGEBO 邊櫃', '邊櫃有實用的抽屜，放在用餐位置附近，儲存餐巾和蠟燭等物品；或放在玄關，放鑰匙和其他細小物件，居家變得整齊有條理\r\n\r\n將你心愛的藏品展示在開放式層架，凌亂的則統統收在抽屜、門後或收納箱內\r\n\r\n搭配BAGGEBO收納系列的其他產品，配合展示櫃、電視櫃、隱藏式儲物空間和書櫃，打造出整齊統一的收納方案\r\n\r\n對整個家庭來說，家應該是安全的地方；產品附安全配件，可將抽屜櫃固定在牆上', 1, 4, 13, 78, 92, 30, 1499, 1499, 500, NULL, NULL, NULL, NULL, '2025-01-26'),
(60, 'BOASTAD 邊櫃', '櫃內有兩個抽屜和兩塊層板，給你多種的收納選擇\r\n\r\n可提供更多儲物空間，讓你整齊收納所有物品\r\n\r\n附可調式櫃腳，即使地板不平，也能穩固放置\r\n\r\n可搭配BOASTAD系列的其他家具\r\n\r\n把喜歡的東西放在邊櫃的頂部，然後把雜亂零碎的東西收藏在櫃門的背後\r\n\r\n餐櫃的背面預留電線孔，方便在櫃內裝上照明', 1, 4, 13, 161.4, 75.1, 52.1, 12990, 12990, 4000, NULL, NULL, NULL, NULL, '2025-01-26'),
(61, 'ERSNÄS 邊櫃', '餐具櫃為你提供充裕的收納空間，表面可作陳列用，甚或是在你進餐前用來上菜之用\r\n\r\nERSNÄS的餐具櫃有深闊的抽屜，賦予你大量空間來收納碟、上菜碟和其他配飾', 1, 4, 13, 180, 79, 41, 9799, 9799, 2000, NULL, NULL, NULL, NULL, '2025-01-26'),
(62, 'FJÄLLBO 邊櫃', '餐具櫃為你提供充裕的收納空間，表面可作陳列用，甚或是在你進餐前用來上菜之用\r\n\r\n把喜歡的東西放在邊櫃的頂部，然後把雜亂零碎的東西收藏在櫃門的背後\r\n\r\n搭配刀叉收納盤和收納盒，保持飯廳井然有序', 1, 4, 13, 111, 95, 47, 7999, 7999, 1000, NULL, NULL, NULL, NULL, '2025-01-26'),
(63, 'HAUGA 邊櫃', '除了單獨使用，亦可搭配HAUGA系列其他家具，以打造一致風格，或更大的收納組合\r\n\r\n對整個家庭來說，家應該是安全的地方；產品附安全配件，可將收納櫃固定在牆上\r\n\r\n含可調式層板，可依需求調整儲物空間\r\n\r\n附可調式鉸鏈，能讓你垂直或橫向調整門板\r\n\r\n可隱藏收納物品，避免沾染灰塵\r\n\r\n如果你想櫃內更整齊，可搭配STUK系列內部配件', 1, 4, 13, 140, 84, 46, 6799, 6799, 2000, NULL, NULL, NULL, NULL, '2025-01-26'),
(65, 'HAVSTA 邊櫃', '實心松木天然紋理的變化，讓每件家具既經得起時間考驗，而且獨一無二\r\n\r\n滑門設計，開啟時不佔空間\r\n\r\n北歐風格，簡潔線條，適合搭配不同風格的家具\r\n\r\n邊櫃有2個抽屜和1個可調節的層架，提供充裕的收納空間\r\n\r\nHAVSTA系列的家具，乃為相互搭配使用而設計。 產品既可單獨使用，亦可一組使用，配合個人需要的最佳解決方案', 1, 4, 13, 121, 89, 47, 9499, 9499, 2000, NULL, NULL, NULL, NULL, '2025-01-26'),
(66, 'IDANÄS 邊櫃', '把這個邊櫃搭配IDANÄS系列的其他家具使用，營造和諧統一的效果\r\n\r\n組裝時將楔形暗榫卡入預鑽孔即可，容易又快速\r\n\r\n創新的摺疊式結構讓你快速輕鬆的組裝抽屜\r\n\r\n折疊式門板設計；開啟時不佔空間，可提供家具周圍更多空間\r\n\r\n含可調式層板，可依需求調整儲物空間\r\n\r\n附可調式支腳，即使在不平整的地面，亦能穩固放置\r\n\r\n抽屜和門板具有緩衝功能，可和緩關上', 1, 4, 13, 124, 95, 50, 9990, 9990, 2000, NULL, NULL, NULL, NULL, '2025-01-26'),
(68, 'KLACKENÄS 邊櫃', '橡木貼皮材質，為每道門營造自然風格\r\n\r\n內部設計可提供最大的空間，放置刀叉、碟和上菜碟', 1, 4, 13, 120, 97, 41, 9990, 9990, 1200, NULL, NULL, NULL, NULL, '2025-01-26'),
(69, 'LANESUND 邊櫃', '獨特的細節設計，賦予手工質感\r\n\r\n搭配刀叉收納盤和收納盒，保持飯廳井然有序\r\n\r\n把喜歡的東西放在邊櫃的頂部，然後把雜亂零碎的東西收藏在櫃門的背後\r\n\r\n附可調式櫃腳，即使地板不平，也能穩固放置', 1, 4, 13, 161, 81, 47, 17990, 17990, 6000, NULL, NULL, NULL, NULL, '2025-01-26'),
(70, 'SPIKSMED 邊櫃', '簡潔的線條，具備開放和密閉式的收納空間可供使用\r\n\r\n兩個抽屜方便你放置餐具、電子產品、鑰匙或其他物品，既整齊又容易取用\r\n\r\n滑門設計方便將櫃放置任何地方，而且為房間提供更多位置放其他家具，因為滑門的開關並不會佔用地板的空間\r\n\r\n開放式收納空間可以用來展示你的藏品， 亦可按個人需要增加收納箱儲存物品', 1, 4, 13, 97, 79.3, 40, 2499, 2499, 600, NULL, NULL, NULL, NULL, '2025-01-26'),
(71, 'TONSTAD 邊櫃', 'TONSTAD系列內的家具設計適合相互搭配使用。 每件家具均可單獨或一組使用，打造適合個人需要的解決方案\r\n\r\n抽屜可整齊收納物品，門後層板可提供更多儲物空間\r\n\r\n抽屜和門板具有緩衝功能，可和緩關上\r\n\r\n含可調式層板，可依需求調整儲物空間', 1, 4, 13, 119.6, 90.8, 47.1, 7000, 7000, 1000, NULL, NULL, NULL, NULL, '2025-01-26'),
(72, 'TONSTAD 邊櫃', 'TONSTAD系列內的家具設計適合相互搭配使用。 每件家具均可單獨或一組使用，打造適合個人需要的解決方案\r\n\r\n抽屜和門板具有緩衝功能，可和緩關上\r\n\r\n圓形門鈕以實心橡木製造，簡潔線條，經典細節處讓家具永不過時\r\n\r\n刷飾貼皮賦予每件家具獨一無二的外觀，充滿個人風格\r\n\r\n含可調式層板，可依需求調整儲物空間\r\n\r\n抽屜可整齊收納物品，門後層板可提供更多儲物空間', 1, 4, 13, 120.6, 89.9, 47.2, 9500, 9500, 2400, NULL, NULL, NULL, NULL, '2025-01-26'),
(73, 'VIHALS 邊櫃', '含2個抽屜，可整齊收納所有物品；櫃門後方的層板可提供更多儲物空間\r\n\r\n把喜歡的東西放在邊櫃的頂部，然後把雜亂零碎的東西收藏在櫃門的背後\r\n\r\n抽屜和櫃內的空間足夠你收納各種物件\r\n\r\n邊櫃深度為37公分，適合放在狹窄的地方，例如：玄關或較小的用餐區\r\n\r\n每扇門後都有一塊可調式的層板\r\n\r\n全靠入榫設計，組裝容易，只需把楔子塞入鑽孔中即可\r\n\r\nVIHALS系列的材質主要來自循環再生物料\r\n\r\n可以放在家中任何角落，獨立放置又或搭配VIHALS的其他家具', 1, 4, 13, 140, 75, 37, 4999, 4999, 900, NULL, NULL, NULL, NULL, '2025-01-26'),
(74, 'SKRUVBY 邊櫃', '可調式支腳，即使地板不平，也能穩固放置\r\n\r\n附可調式鉸鏈，能讓你垂直或橫向調整門板\r\n\r\nSKRUVBY系列家具的設計有很好的磨合性， 容易搭配和襯托其他家具，單獨放置也將會是一個很好的擺設\r\n\r\n家應該是最安全的地方。 這個邊櫃已經包含安全配件，可以將它固定在牆上，防止翻倒危險\r\n\r\n將你喜歡的物品展示在邊櫃的頂端，然後將雜亂物品統統收藏在抽屜或門後', 1, 4, 13, 120.1, 89.9, 37.5, 4999, 4999, 1200, NULL, NULL, NULL, NULL, '2025-01-26'),
(76, 'TONSTAD 邊櫃', 'TONSTAD系列內的家具設計適合相互搭配使用。 每件家具均可單獨或一組使用，打造適合個人需要的解決方案\r\n\r\n抽屜和門板具有緩衝功能，可和緩關上\r\n\r\n圓形門鈕以實心橡木製造，簡潔線條，經典細節處讓家具永不過時\r\n\r\n刷飾貼皮賦予每件家具獨一無二的外觀，充滿個人風格\r\n\r\n含可調式層板，可依需求調整儲物空間\r\n\r\n抽屜可整齊收納物品，門後層板可提供更多儲物空間', 1, 4, 13, 120.6, 89.9, 47.2, 9500, 9500, 2000, NULL, NULL, NULL, NULL, '2025-01-26'),
(77, 'BESTÅ 電視櫃附門板', '電視櫃固定上牆，打造簡約、通風的外觀，未加裝櫃腳，方便清理地板\r\n\r\n電視櫃後面有數個電線孔，可隱藏收納及方便使用電視和其他視聽設備的電線\r\n\r\n上面有電線孔，方便將電線連接到插座\r\n\r\n附可調式層板，可依需求調整儲物空間\r\n\r\n可選擇使用緩衝或按壓功能；使用按壓式開關，只要輕壓一下，就能打開櫃門，緩衝式鉸鏈可使櫃門和緩、安靜的關上\r\n\r\n用你喜歡的盒子和分隔優化和整理你的BESTÅ收納空間', 1, 5, 7, 180, 38, 42, 5550, 5550, 1000, NULL, NULL, NULL, NULL, '2025-01-26'),
(78, 'BESTÅ 電視櫃附門板/抽屜', '配有一體成型把手，其俐落線條增添現代風格\r\n\r\n上面有電線孔，方便將電線連接到插座\r\n\r\n電視櫃後面有數個電線孔，可隱藏收納及方便使用電視和其他視聽設備的電線\r\n\r\n抽屜和門板具有緩衝功能，可和緩關上\r\n\r\n含2個抽屜，可妥善收納遙控器、電玩遊戲控制器和其他物品\r\n\r\n附可調式層板，可依需求調整儲物空間\r\n\r\n用你喜歡的盒子和分隔優化和整理你的BESTÅ收納空間', 1, 5, 7, 240, 74, 42, 12900, 12900, 4500, NULL, NULL, NULL, NULL, '2025-01-26'),
(81, 'BESTÅ 電視櫃', '電視櫃後面有數個電線孔，可隱藏收納及方便使用電視和其他視聽設備的電線\r\n\r\n可選擇放在地上或固定在牆上，騰出地板空間\r\n\r\n可搭配BESTÅ內部配件，整齊收納物品\r\n\r\n可調式支腳，即使地板不平，也能穩固放置', 1, 5, 7, 180, 38, 40, 2400, 2400, 400, NULL, NULL, NULL, NULL, '2025-01-26'),
(88, 'BESTÅ 電視櫃附門板', '附可調式層板，可依需求調整儲物空間\r\n\r\n鉸鏈具有按壓及緩衝功能，櫃門可輕壓開啟，也能和緩關上\r\n\r\n電視櫃後面有數個電線孔，可隱藏收納及方便使用電視和其他視聽設備的電線\r\n\r\n用你喜歡的盒子和分隔優化和整理你的BESTÅ收納空間\r\n\r\n富有質感的表面，賦予沉實且溫暖的外觀\r\n\r\n門鈕或把手的選擇，可決定門板呈現現代或傳統的風格', 1, 5, 7, 120, 48, 42, 5100, 5100, 800, NULL, NULL, NULL, NULL, '2025-01-26'),
(91, 'IDANÄS 電視櫃', '含可調式櫃腳，即使地板不平，也能穩固放置\r\n\r\n組裝時將楔形暗榫卡入預鑽孔即可，容易又快速\r\n\r\n抽屜具有緩衝功能，可安靜、和緩的關上\r\n\r\n將這款電視櫃搭配IDANÄS系列的其他家具，打造統一的家居風格\r\n\r\n創新的摺疊式結構讓你快速輕鬆的組裝抽屜\r\n\r\n備有電線插座，方便管理電線', 1, 5, 7, 162, 63, 40, 9990, 9990, 2000, NULL, NULL, NULL, NULL, '2025-01-26'),
(92, 'KALLAX 電視櫃', '背面有開口，方便整理電線\r\n\r\n簡單的設計，整潔的線條，讓KALLAX更靈活且容易用於家中\r\n\r\n平滑的表面和圓邊設計為層架組合給人有仔細考量和紮實的外觀感覺\r\n\r\n層架和框架完美對齊，營造出強烈而統一的感覺\r\n\r\n靈活耐看的設計，即使以後對生活的需求有改變或搬家，也能讓你使用多年', 1, 5, 7, 146.6, 59.6, 39.2, 2499, 2499, 600, NULL, NULL, NULL, NULL, '2025-01-26'),
(93, 'KALLAX 電視櫃連底框', '設計師很懶，甚麼都沒留下', 1, 5, 7, 147, 78, 39, 3199, 3199, 800, NULL, NULL, NULL, NULL, '2025-01-26'),
(94, 'KALLAX 電視收納組合', '甚麼都沒有', 1, 5, 7, 146.6, 59.6, 39.2, 4499, 4499, 1200, NULL, NULL, NULL, NULL, '2025-01-26'),
(95, 'KALLAX 電視櫃', '背面有開口，方便整理電線\r\n\r\n簡單的設計，整潔的線條，讓KALLAX更靈活且容易用於家中\r\n\r\n平滑的表面和圓邊設計為層架組合給人有仔細考量和紮實的外觀感覺\r\n\r\n層架和框架完美對齊，營造出強烈而統一的感覺\r\n\r\n靈活耐看的設計，即使以後對生活的需求有改變或搬家，也能讓你使用多年', 1, 5, 7, 146.6, 59.6, 39.2, 2499, 2499, NULL, NULL, NULL, NULL, NULL, '2025-01-26'),
(96, 'LACK 電視櫃', '背面有開口，方便整理電線', 1, 5, 7, 160, 36, 35, 1999, 1999, 300, NULL, NULL, NULL, NULL, '2025-01-26'),
(97, 'MOSSJÖN 壁櫃附層架/玻璃門', '三面裝有強化玻璃，光線可以穿透，亦能避過好奇的目光\r\n\r\n開放式層架適合放置日常用品，至於最私密的個人用品則可收藏在玻璃門後\r\n\r\n可調節的3塊玻璃層架，容易清潔，讓你騰出最大空間置物\r\n\r\n櫃門把手好抓好握；磁吸式設計，牢固不脫落\r\n\r\n可按個人習慣，將櫃門的鉸鏈安裝在左或右邊', 1, 6, 21, 36, 102, 18, 2799, 2799, 900, NULL, NULL, NULL, NULL, '2025-01-26'),
(98, 'MOSSJÖN 雙門玻璃門櫃', '三面裝有強化玻璃，光線可以穿透，亦能避過好奇的目光\r\n\r\n可調節的2塊玻璃層架，容易清潔，讓你騰出最大空間置物\r\n\r\n托盤設計的頂層，適合放置植物或其他藏物\r\n\r\n櫃門裝上易握把手，並以磁鐵固定位置\r\n\r\n開放式層架，可以放毛巾和日常用品。 亦可加添收納盒或籃子，打造和諧的感覺\r\n\r\n可調式的櫃腳，就算地板不平，也放得穩固', 1, 6, 21, 60, 146, 34, 4299, 4299, 1200, NULL, NULL, NULL, NULL, '2025-01-26'),
(99, 'FAXÄLVEN 附燈鏡櫃', '鏡背有安全護膜，可降低玻璃破裂造成的傷害\r\n\r\n提供10年品質保證；欲知更多細則，請參閱品質保證書\r\n\r\n附懸掛軌道方便你將儲物櫃安裝在牆上。 先將軌道固定在牆上，然後將儲物櫃掛上再固定\r\n\r\n能完美搭配HAVBÄCK、ÄNGSJÖN和TÄNNFORSEN浴室系列產品的寬度和高度\r\n\r\n鉸鏈有緩衝裝置，讓櫃門可以緩慢、安靜又溫柔地關上\r\n\r\n善用牆面位置，讓你把凌亂的物品藏在門後。而日常用品如首飾或隱形眼鏡則可放在底層的開放式層架內，方便趨用\r\n\r\n內外均裝上內嵌式燈具，為每一天做準備時能清楚看見自己\r\n\r\n利用RODRET無線調光器/電源開關來控制光暗，需另外購買', 1, 6, 21, 60, 95, 15, 7490, 7490, 1300, NULL, NULL, NULL, NULL, '2025-01-26'),
(100, 'FAXÄLVEN 附燈鏡櫃和led驅動器', '鏡背有安全護膜，可降低玻璃破裂造成的傷害\r\n\r\n提供10年品質保證；欲知更多細則，請參閱品質保證書\r\n\r\n附懸掛軌道方便你將儲物櫃安裝在牆上。 先將軌道固定在牆上，然後將儲物櫃掛上再固定\r\n\r\n能完美搭配HAVBÄCK、ÄNGSJÖN和TÄNNFORSEN浴室系列產品的寬度和高度\r\n\r\n鉸鏈有緩衝裝置，讓櫃門可以緩慢、安靜又溫柔地關上\r\n\r\n善用牆面位置，讓你把凌亂的物品藏在門後。而日常用品如首飾或隱形眼鏡則可放在底層的開放式層架內，方便趨用\r\n\r\n內外均裝上內嵌式燈具，為每一天做準備時能清楚看見自己\r\n\r\n利用RODRET無線調光器/電源開關來控制光暗，需另外購買', 1, 6, 21, 60, 95, 15, 8290, 8290, 1200, NULL, NULL, NULL, NULL, '2025-01-26'),
(101, 'FAXÄLVEN 附燈鏡櫃和led驅動器', '鏡背有安全護膜，可降低玻璃破裂造成的傷害\r\n\r\n提供10年品質保證；欲知更多細則，請參閱品質保證書\r\n\r\n附懸掛軌道方便你將儲物櫃安裝在牆上。 先將軌道固定在牆上，然後將儲物櫃掛上再固定\r\n\r\n能完美搭配HAVBÄCK、ÄNGSJÖN和TÄNNFORSEN浴室系列產品的寬度和高度\r\n\r\n鉸鏈有緩衝裝置，讓櫃門可以緩慢、安靜又溫柔地關上\r\n\r\n善用牆面位置，讓你把凌亂的物品藏在門後。而日常用品如首飾或隱形眼鏡則可放在底層的開放式層架內，方便趨用\r\n\r\n內外均裝上內嵌式燈具，為每一天做準備時能清楚看見自己\r\n\r\n利用RODRET無線調光器/電源開關來控制光暗，需另外購買', 1, 6, 21, 80, 95, 15, 9090, 9090, 1000, NULL, NULL, NULL, NULL, '2025-01-26'),
(102, 'LETTAN 鏡櫃連門', '在洗臉盆上加裝鏡櫃不單方便你為新一天做好準備，且讓你的浴室看起來更大更明亮。 它有層架設計，可整齊收納日常物品，又方便取用\r\n\r\n裡外均裝上鏡子，讓你看清任何角度的景物\r\n\r\n鉸鏈有緩衝裝置，讓櫃門可以緩慢、安靜又溫柔地關上\r\n\r\n鏡背有安全護膜，可降低玻璃破裂造成的傷害\r\n\r\n提供10年品質保證；欲知更多細則，請參閱品質保證書\r\n\r\n能完美搭配HAVBÄCK、ÄNGSJÖN和TÄNNFORSEN浴室系列產品的寬度和高度\r\n\r\n附懸掛軌道方便你將儲物櫃安裝在牆上。 先將軌道固定在牆上，然後將儲物櫃掛上再固定', 1, 6, 21, 80, 95, 15, 8490, 8490, 1200, NULL, NULL, NULL, NULL, '2025-01-26'),
(103, 'LETTAN 鏡櫃連門', '在洗臉盆上加裝鏡櫃不單方便你為新一天做好準備，且讓你的浴室看起來更大更明亮。 它有層架設計，可整齊收納日常物品，又方便取用\r\n\r\n裡外均裝上鏡子，讓你看清任何角度的景物\r\n\r\n鉸鏈有緩衝裝置，讓櫃門可以緩慢、安靜又溫柔地關上\r\n\r\n附懸掛軌道方便你將儲物櫃安裝在牆上。 先將軌道固定在牆上，然後將儲物櫃掛上再固定\r\n\r\n能完美搭配HAVBÄCK、ÄNGSJÖN和TÄNNFORSEN浴室系列產品的寬度和高度\r\n\r\n鏡背有安全護膜，可降低玻璃破裂造成的傷害\r\n\r\n提供10年品質保證；欲知更多細則，請參閱品質保證書', 1, 6, 21, 100, 95, 15, 9490, 9490, 900, NULL, NULL, NULL, NULL, '2025-01-26'),
(104, 'LISABO 桌子', '聰明的設計、細緻的手工藝讓LISABO餐桌系列榮獲2016年紅點設計大獎\r\n\r\n每根桌腳只使用1個固定配件，容易組裝\r\n\r\n梣木是一種堅韌的硬木，表面有漂亮的紋理，經久使用後顏色變深，呈現深黃色\r\n\r\n梣木貼皮表面與實心樺木桌腳，可增添自然、溫暖的居家佈置風格\r\n\r\n經測試，符合最嚴格的穩定性、耐用度和安全標準，經久耐用，適合日常居家使用\r\n\r\n專為搭配 LISABO 餐椅而設計。 用於搭配ÄLVSTA、 RÖNNINGE和KARLPETTER 餐椅也很合適，營造不同風格的外觀', 2, 7, 22, 78, 74, 140, 4999, 4999, 1000, NULL, NULL, NULL, NULL, '2025-01-26'),
(105, 'SANDSBERG 桌子', '纖巧流線設計，節省地方；而且堅固耐用，能承受日常使用\r\n\r\n堅固耐用的金屬桌框配平滑的美耐板桌面\r\n\r\n專為搭配SANDSBERG餐椅而設計。 用於搭配ADDE和ÖSTANÖ餐椅也很合適，營造不同風格的外觀', 2, 7, 22, 67, 75, 110, 999, 999, 120, NULL, NULL, NULL, NULL, '2025-01-26'),
(106, 'PINNTORP 桌子', '天然木頭材質，桌面和桌腳具有不同木紋，使桌子更顯獨特風格\r\n\r\n木紋清楚可見，可營造自然、溫暖風格\r\n\r\n堅固的實木框架染上清新的白色，能照亮任何陰沉的日子\r\n\r\n這張可坐4人的餐桌，小巧、輕盈，放在哪裡都合適，就算是狹小的空間也很理想\r\n\r\n款式設計能完美搭配PINNTORP椅子。 配襯STEFAN椅子亦能營造出不同風格的效果', 2, 7, 22, 75, 75, 125, 2999, 2999, 800, NULL, NULL, NULL, NULL, '2025-01-26'),
(107, 'MELLTORP 桌子', '金屬框架，堅固耐用\r\n\r\n堅固耐用的金屬桌框配平滑的美耐板桌面\r\n\r\n餐桌可以完美搭配LIDÅS、TEODORES、ÖSTANÖ和KÄTTIL餐椅，打造不同風格的外觀', 2, 7, 22, 75, 74, 125, 1499, 1499, 600, NULL, NULL, NULL, NULL, '2025-01-26'),
(108, 'SKOGSTA 餐桌', '獨特的紋路圖案與木紋的自然變化，使每張桌子都獨一無二\r\n\r\n相思木有棕色外觀及獨特紋路，十分耐用，不易刮傷、受潮，經久使用後顏色會變深\r\n\r\n經測試，適合用於如餐廳等的公眾地方。代表它的材質十分耐磨，能承受廣泛的日常使用\r\n\r\n專為搭配SKOGSTA餐椅而設計； 亦可搭配NORDVIKEN及BERGMUND椅子，展現不同風格', 2, 7, 22, 100, 73, 235, 16990, 16990, 4000, NULL, NULL, NULL, NULL, '2025-01-26'),
(109, 'VOXLÖV 餐桌', '桌面下方沒有桌腳擋住，你可以舒適地坐在桌子較短的一側\r\n\r\n圓弧邊角設計，讓你和孩子安心使用\r\n\r\n竹子平滑表面，容易擦拭乾淨', 2, 7, 22, 90, 75, 180, 8499, 8499, 1200, NULL, NULL, NULL, NULL, '2025-01-26'),
(110, 'STENARED 餐桌', '桌面以石英製成，天然材料，具有不同紋理圖案和色彩變化，賦予每張桌面獨特風格\r\n\r\n石英桌面，表面堅硬、平滑且無孔隙，可抗污、防潮，容易清潔', 2, 7, 22, 75, 74, 140, 9990, 9990, 1200, NULL, NULL, NULL, NULL, '2025-01-26'),
(111, 'DANDERYD 餐桌', '塗上亮光漆的硬木貼皮檯面，保持耐用，突顯橡木的天然美感\r\n\r\n白色的管狀鋼質桌腳堅固耐用，擁有螺旋狀木質支腳的外觀，別具傳統工藝風格\r\n\r\n專為搭配DANDERYD餐椅而設計； 亦可搭配INGOLF、SKOGSTA、EBBALYCKE和BERGMUND椅子，展現不同風格', 2, 7, 22, 80, 75, 130, 5499, 5499, 1000, NULL, NULL, NULL, NULL, '2025-01-26'),
(112, 'DANDERYD 餐桌', '桌面為塗有亮光漆的纖維板，由木屑壓製而成，堅固耐用\r\n\r\n鋼管桌腳既牢固又耐用，旋轉花紋又極具傳統工藝色彩\r\n\r\n管狀鋼支腳，可穩固放置，比木材質製更耐用\r\n\r\n專為搭配DANDERYD餐椅而設計； 亦可搭配INGOLF、SKOGSTA、EBBALYCKE和BERGMUND椅子，展現不同風格', 2, 7, 22, 80, 75, 130, 4499, 4499, 900, NULL, NULL, NULL, NULL, '2025-01-26'),
(113, 'DANDERYD 餐桌', '桌面為塗有亮光漆的纖維板，由木屑壓製而成，堅固耐用\r\n\r\n鋼管桌腳既牢固又耐用，旋轉花紋又極具傳統工藝色彩\r\n\r\n管狀鋼支腳，可穩固放置，比木材質製更耐用\r\n\r\n專為搭配DANDERYD餐椅而設計； 亦可搭配INGOLF、SKOGSTA、EBBALYCKE和BERGMUND椅子，展現不同風格', 2, 7, 22, 80, 75, 130, 4499, 4499, 1200, NULL, NULL, NULL, NULL, '2025-01-26'),
(114, 'STRANDTORP 延伸桌', '利用延伸桌內含的桌板，使這三合一桌子能容納4人、6人或8人；在兩邊各加一個座位，更可容納10個人\r\n\r\n內附的2塊桌板容易安裝，客人離開時可輕易拿走，放回桌面下方\r\n\r\n深棕色桌面為實木貼皮，經過上色和塗漆處理，更加耐用，突顯天然的木頭質感\r\n\r\n適合搭配BERGMUND餐椅、GRÖNSTA及MÅRENÄS扶手椅，展現不同風格\r\n\r\n桌腳和桌面底框堅固耐用，外層塗上粉末塗料', 2, 7, 22, 95, 75, 205, 14990, 14990, 6000, NULL, NULL, NULL, NULL, '2025-01-26'),
(115, 'PINNTORP 桌子', '天然木頭材質，桌面和桌腳具有不同木紋，使桌子更顯獨特風格\r\n\r\n木紋清楚可見，可營造自然、溫暖風格\r\n\r\n堅固的實木框架染上清新的白色，能照亮任何陰沉的日子\r\n\r\n這張可坐多達6人的餐桌，一家人坐在一起，卻有充裕位置各自活動\r\n\r\n款式設計能完美搭配PINNTORP椅子。 配襯STEFAN椅子亦能營造出不同風格的效果', 2, 7, 22, 75, 75, 185, 5999, 5999, 1000, NULL, NULL, NULL, NULL, '2025-01-26'),
(116, 'NORDVIKEN 延伸桌', '實木材質使每張桌子獨一無二，而且結構堅固；具獨特紋理及顏色，突顯天然的木頭質感\r\n\r\n款式設計能完美搭配NORDVIKEN椅子。 配襯SKOGSTA、EBBALYCKE和BERGMUND椅子亦能營造出不同風格的效果\r\n\r\n使用內附的桌板，可由4人桌延伸至6人桌\r\n\r\n內附的桌板容易安裝，將4人桌延伸至6人桌；亦容易拿走，客人離開時放回桌面下\r\n\r\n加入延伸桌板會增長桌子突出部分，前後兩端多出空位，可多容納2個座位', 2, 7, 22, 95, 75, 152, 12990, 12990, 6000, NULL, NULL, NULL, NULL, '2025-01-26'),
(117, 'PINNTORP 桌子', '天然木頭材質，桌面和桌腳具有不同木紋，使桌子更顯獨特風格\r\n\r\n木紋清楚可見，可營造自然、溫暖風格\r\n\r\n這張可坐4人的餐桌，小巧、輕盈，放在哪裡都合適，就算是狹小的空間也很理想\r\n\r\n堅固的實木框架，髹上傳統的紅色飾面，仿佛對瑞典傳統家具的致敬。溫暖的顏色能照亮任何陰沉的日子\r\n\r\n款式設計能完美搭配PINNTORP椅子。 配襯STEFAN椅子亦能營造出不同風格的效果', 2, 7, 22, 75, 75, 125, 2999, 2999, 800, NULL, NULL, NULL, NULL, '2025-01-26'),
(118, 'SKANSNÄS 延伸桌', '木材擁有獨特的紋理與天然的色澤差異，使每張桌子都獨一無二，也就是木材的魅力所在\r\n\r\n細緻處包括實木邊緣、十字紋理包邊和順滑的圓角，讓它成為放在飯廳的一個吸睛單品\r\n\r\n中間打開延伸桌， 隱藏的延伸板面開關暢順，一雙手即能輕鬆打開，瞬間從4人座變成6人座\r\n\r\n分層染上棕色，再塗上光漆作保護和提升耐磨度。 桌面以超厚貼皮製作，讓你不用擔心污漬或磨損，盡情享受聚會的歡樂\r\n\r\n專為搭配SKANSNÄS椅子而設計。 和LUSTEBO和LILLÅNÄS椅或GRÖNSTA扶手椅亦很合襯，能打造不同的風格和外觀', 2, 7, 22, 90, 75, 150, 19990, 19990, 8000, NULL, NULL, NULL, NULL, '2025-01-26'),
(119, 'GRÅSALA 桌子', '纖巧流線設計，節省地方；而且堅固耐用，能承受日常使用\r\n\r\n專為搭配GRÅSALA餐椅而設計； 亦可搭配LIDÅS、ADDE和ÖSTANÖ椅子，展現不同風格\r\n\r\n堅固耐用的金屬桌框配平滑的美耐板桌面', 2, 7, 22, 67, 75, 110, 1999, 1999, 400, NULL, NULL, NULL, NULL, '2025-01-26'),
(120, 'NACKANÄS 桌子', '這張4至6人的餐桌，小巧、簡潔設計，最適合放置在空間細小的地方使用\r\n\r\n中央桌腳設計，提供更多空間來放置椅子。典型Shaker-style桌的風格\r\n\r\n餐桌以實心洋槐木打造，鞏固的結構，天然材質，其顏色和紋理能隨年月而變化，讓每張桌子都變得獨一無二\r\n\r\n專為搭配NACKANÄS餐椅而設計。 用於搭配SKOGSBO、EBBALYCKE和BERGMUND餐椅也很合適，營造不同風格的外觀', 2, 7, 22, 76, 75, 140, 6999, 6999, 2000, NULL, NULL, NULL, NULL, '2025-01-26'),
(121, 'LISABO 桌子', '聰明的設計、細緻的手工藝讓LISABO餐桌系列榮獲2016年紅點設計大獎\r\n\r\n專為搭配 LISABO 餐椅而設計。 用於搭配ÄLVSTA、 RÖNNINGE和KARLPETTER 餐椅也很合適，營造不同風格的外觀\r\n\r\n實木桌腳，耐用的天然材質\r\n\r\n每根桌腳只使用1個固定配件，容易組裝\r\n\r\n經測試，符合最嚴格的穩定性、耐用度和安全標準，經久耐用，適合日常居家使用', 2, 7, 22, 78, 74, 140, 4999, 4999, 800, NULL, NULL, NULL, NULL, '2025-01-26'),
(122, 'NORDVIKEN 延伸桌', '堅固的實木和硬木貼皮使每張桌子都獨一無二，表面有獨特的木頭紋路和天然色彩變化，是木材具有的獨有魅力\r\n\r\n使用內附的桌板，可由4人桌延伸至6人桌\r\n\r\n款式設計能完美搭配NORDVIKEN椅子。 配襯SKOGSTA、BERGMUND和EBBALYCKE椅子亦能營造出不同風格的效果\r\n\r\n內附的桌板容易安裝，將4人桌延伸至6人桌；亦容易拿走，客人離開時放回桌面下\r\n\r\n加入延伸桌板會增長桌子突出部分，前後兩端多出空位，可多容納2個座位', 2, 7, 22, 95, 75, 152, 12990, 12990, 5000, NULL, NULL, NULL, NULL, '2025-01-26'),
(123, 'PINNTORP 折疊桌', '外型小巧美觀，即使空間有限，也易於搭配其他家具\r\n\r\n天然木頭材質，桌面和桌腳具有不同木紋，使桌子更顯獨特風格\r\n\r\n木紋清楚可見，可營造自然、溫暖風格\r\n\r\n堅固的實木框架染上清新的白色，能照亮任何陰沉的日子\r\n\r\n款式設計能完美搭配PINNTORP椅子。 配襯STEFAN椅子亦能營造出不同風格的效果', 2, 7, 22, 75, 75, 67, 4999, 4999, 800, NULL, NULL, NULL, NULL, '2025-01-26'),
(124, 'ÄNGESBYN 儲物桌', '適合放在家中任何地方，可當作咖啡桌、邊桌或床邊桌使用', 2, 8, 23, 43, 48, 0, 1799, 1799, 500, NULL, NULL, NULL, NULL, '2025-01-26'),
(125, 'ÄNGESBYN 儲物桌', '適合放在家中任何地方，可當作咖啡桌、邊桌或床邊桌使用', 2, 8, 23, 60, 48, 0, 2499, 2499, 800, NULL, NULL, NULL, NULL, '2025-01-26'),
(126, 'ÄSPERÖD 邊桌', '強化玻璃桌面，可抗污，容易清潔\r\n\r\n金屬框架配合可調校桌腳，所以放在不平地面亦十分穩固\r\n\r\n煙灰色玻璃、黑色金屬粉末塗層和帶有金色細節的桌腳，營造出光滑和諧感，但又不失令人興奮的感覺', 2, 8, 23, 45, 60, 0, 1999, 1999, 700, NULL, NULL, NULL, NULL, '2025-01-26'),
(127, 'ÄSPERÖD 咖啡桌', '煙灰色玻璃、黑色金屬粉末塗層和帶有金色細節的桌腳，營造出光滑和諧感，但又不失令人興奮的感覺\r\n\r\n強化玻璃桌面，可抗污，容易清潔\r\n\r\n金屬框架配合可調校桌腳，所以放在不平地面亦十分穩固', 2, 8, 23, 58, 47, 96, 2999, 2999, 900, NULL, NULL, NULL, NULL, '2025-01-26'),
(128, 'BAGGBODA 邊桌', '這款邊桌由Karin Mobring設計，於1971年首次出現在我們的產品目錄中， 定名為CROMI。 Nytillverkad系列又一以嶄新面貌，重新演繹簡約時尚的風格', 2, 8, 23, 50, 47, 71, 1999, 1999, 500, NULL, NULL, NULL, NULL, '2025-01-26'),
(130, 'BJÖRKÅSEN 筆記型電腦桌', '容易調整頂部傾斜度和支架高度，輕鬆找到舒適的工作位置\r\n\r\n將隨附的杯架夾在底框，讓你隨時都可以喝到咖啡和其他飲料\r\n\r\n靈活又多用途的組合，方便你在家中進行不同的活動\r\n\r\n容易折疊又不佔空間，只需調整頂部傾斜度即可', 2, 8, 23, 46, 65, 35, 799, 799, 200, NULL, NULL, NULL, NULL, '2025-01-26'),
(131, 'BORGEBY 咖啡桌', 'BORGEBY桌子的設計，優雅、簡潔又極具時尚感，帶出和諧平衡的效果\r\n\r\n圓型透氣的外型，平滑的表面，天然的材質，讓桌子放到任何地方、任何設計都完全匹配\r\n\r\n桌底備有充裕的收納位置，方便收納哪些需要隨時取用的物品。 有它，一齊井井有條，居家更感寧靜舒適\r\n\r\n聰明的邊緣設計讓咖啡桌別具個性；而且防止細物掉下\r\n\r\n大小適中而且十分輕巧，方便移動到家中任何角落', 2, 8, 23, 70, 42, 0, 3499, 3499, 1200, NULL, NULL, NULL, NULL, '2025-01-26'),
(133, 'FJÄLLBO 儲物桌', '天然木頭材質，表面有木頭紋理和顏色，使每個木質家具獨一無二\r\n\r\nFJÄLLBO儲物桌用上金屬和實木材質，將工業風添上溫暖的感覺\r\n\r\n備有隱閉式儲存位置，減少凌亂感。至於開放式的層架部分，則可以展示你的收藏或放置當你坐在沙發時經常取用的物品\r\n\r\n搭配幾個收納盒，分門別類，收納細小物件，讓客廳更加整齊有條理', 2, 8, 23, 68, 48, 68, 3999, 3999, 1000, NULL, NULL, NULL, NULL, '2025-01-26'),
(134, 'FJÄLLBO 咖啡桌', '金屬和實木材質，底下附層板，可放置雜誌等物品，方便拿取\r\n\r\n天然木頭材質，表面有木頭紋理和顏色，使每個木質家具獨一無二', 2, 8, 23, 46, 46, 90, 2299, 2299, 800, NULL, NULL, NULL, NULL, '2025-01-26'),
(135, 'FRÖTORP 咖啡桌', '深思熟慮的設計，用上了多種材質和細緻的造工。碳燻色玻璃、粉末塗料鋼管桌腳和仿大理石底座結構，讓桌子富有個人風格\r\n\r\n將不同尺寸的桌子放在一起，增加桌面空間之外，還讓房間充滿動感和活力\r\n\r\nFRÖTORP圓型咖啡／邊桌，簡單的設計，平實的外表，加上堅固的材質，耐用又經得起時間考驗', 2, 8, 23, 88, 35, 0, 4499, 4499, 800, NULL, NULL, NULL, NULL, '2025-01-26'),
(136, 'FRÖTORP 邊桌', '深思熟慮的設計，用上了多種材質和細緻的造工。碳燻色玻璃、粉末塗料鋼管桌腳和仿大理石底座結構，讓桌子富有個人風格\r\n\r\nFRÖTORP圓型咖啡／邊桌，簡單的設計，平實的外表，加上堅固的材質，耐用又經得起時間考驗\r\n\r\n將不同尺寸的桌子放在一起，增加桌面空間之外，還讓房間充滿動感和活力', 2, 8, 23, 48, 45, 0, 2999, 2999, 700, NULL, NULL, NULL, NULL, '2025-01-27'),
(137, 'GARNANÄS 咖啡桌', 'Nytillverkad系列又一以嶄新面貌演繹IKEA經典之作\r\n\r\n這張咖啡桌是POP68系列的其中一個產品，於當年刊登的目錄內被形容為\"為每個勇於追求年輕、新穎和歡樂的人士而設。\"的產品。 丹麥設計師Erik Wörtz的傑作\r\n\r\n我們在這個版本的桌面和層架之間多加一塊板，確保咖啡桌能夠承受最高達10公斤的負荷\r\n\r\n附輪腳；方便移動\r\n\r\n附層板，可整齊收納雜誌等物品，騰出桌面空間', 2, 8, 23, 65, 40, 65, 1799, 1799, 700, NULL, NULL, NULL, NULL, '2025-01-27'),
(138, 'GLADOM 托盤桌', '附可拆式托盤，可當作上菜盤使用\r\n\r\n托盤邊緣較高，方便拿起及防止杯碟或碗掉落\r\n\r\n托盤使用後，可輕鬆放回框架上，不需放入任何組裝孔\r\n\r\n粉末塗料鋼表面，耐用又容易清潔\r\n\r\n可以輕鬆將整個托盤桌提起，移到需要的地方，例如將它從沙發旁移到扶手椅旁邊\r\n\r\nGLADOM托盤桌不時推出新顏色，記得瀏覽我們的網站或親臨附近的IKEA店，不要錯過我們的新產品發佈消息', 2, 8, 23, 44.5, 52.5, 0, 479, 479, 100, NULL, NULL, NULL, NULL, '2025-01-27'),
(141, 'HEMNES 咖啡桌', '實心木質，帶有天然質感\r\n\r\n附層板，可整齊收納雜誌等物品，騰出桌面空間', 2, 8, 23, 90, 46, 90, 5499, 5499, 1200, NULL, NULL, NULL, NULL, '2025-01-27'),
(142, 'HOL 儲物桌', '耐用的天然實木材質\r\n\r\n桌面下有實用的儲物空間', 2, 8, 23, 50, 50, 98, 2999, 2999, 800, NULL, NULL, NULL, NULL, '2025-01-27'),
(143, 'IDANÄS 咖啡桌', '玻璃桌面方便清潔，更能為空間添上明亮感\r\n\r\n全靠緩衝式緩關裝置，讓你可以安靜又溫柔地關上抽屜\r\n\r\n桌面底下有開放式的空間，讓你展示個人的藏品。 一個抽屜讓你整齊收納\r\n\r\n把這張咖啡桌搭配IDANÄS系列的其他家具，打造統一的居家風格\r\n\r\n創新的摺疊式結構讓你快速輕鬆的組裝抽屜', 2, 8, 23, 80, 49, 80, 7499, 7499, 2000, NULL, NULL, NULL, NULL, '2025-01-27'),
(144, 'ALEX 書桌/工作桌', '附電線收納隔層，可收束電線，既能隱藏，也方便拿取\r\n\r\n抽屜附防滑落裝置，可防止全開後掉落\r\n\r\n美背式設計，可放置在房間中央', 2, 9, 3, 100, 76, 48, 3999, 3999, 1200, NULL, NULL, NULL, NULL, '2025-01-27'),
(145, 'ALEX 書桌/工作桌', '附電線收納隔層，可收束電線，既能隱藏，也方便拿取\r\n\r\n抽屜附防滑落裝置，可防止全開後掉落\r\n\r\n美背式設計，可放置在房間中央', 2, 9, 3, 132, 76, 58, 5499, 5499, 1300, NULL, NULL, NULL, NULL, '2025-01-27'),
(148, 'ANFALLARE/ADILS 書桌/工作桌', '設計簡約、佔地少的工作桌\r\n\r\n竹製表面，耐用又可以再生的材質，將大自然暖和感覺帶回家\r\n\r\n有預鑽孔，方便安裝桌腳\r\n\r\n可調節的桌腳讓書桌放得穩固，即使地面不平也不受影響', 2, 9, 3, 65, 73, 140, 2399, 2399, 750, NULL, NULL, NULL, NULL, '2025-01-27'),
(150, 'ANFALLARE/ALEX 書桌/工作桌', '讓你擁有更多收納空間，方便隨時取用\r\n\r\n隨你喜歡，可以將桌子放置在房間中央。因為它有漂亮的外觀，從哪一面看都很美觀\r\n\r\n門可安裝為左開或右開', 2, 9, 3, 65, 73, 140, 3698, 3698, 800, NULL, NULL, NULL, NULL, '2025-01-27'),
(151, 'ANFALLARE/ALEX 書桌/工作桌', '設計簡約、佔地少的工作桌\r\n\r\n竹製表面，耐用又可以再生的材質，將大自然暖和感覺帶回家\r\n\r\n有預鑽孔，方便安裝桌腳\r\n\r\n可調節的桌腳讓書桌放得穩固，即使地面不平也不受影響', 2, 9, 3, 65, 73, 140, 4898, 4898, 1200, NULL, NULL, NULL, NULL, '2025-01-27'),
(152, 'ARKELSTORP 書桌/工作桌', '天然實木材質，十分耐用\r\n\r\n美背式設計，可放置在房間中央\r\n\r\n抽屜附防滑落裝置，可防止全開後掉落', 2, 9, 3, 140, 74, 70, 9990, 9990, 2000, NULL, NULL, NULL, NULL, '2025-01-27'),
(153, 'BRUSALI 書桌/工作桌', '儲物櫃附可調式層板，方便放置電腦\r\n\r\n桌面底下附層板，可隱藏收納電腦，方便連接使用', 2, 9, 3, 90, 73, 52, 1999, 1999, 400, NULL, NULL, NULL, NULL, '2025-01-27'),
(154, 'FJÄLLBO 筆記型電腦桌', '金屬和實木材質，可提供實用的工作空間\r\n\r\n天然木頭材質，表面有木頭紋理和顏色，使每個木質家具獨一無二\r\n\r\n附輪腳，方便移動\r\n\r\n含可調式桌腳，即使地板不平，也能穩固放置\r\n\r\n附自黏性電線固定夾，方便固定及隱藏電線', 2, 9, 3, 100, 75, 36, 1999, 1999, 400, NULL, NULL, NULL, NULL, '2025-01-27'),
(155, 'FRYKSÅS 書桌/工作桌', '大書桌提供足夠空間讓你做功課和手工，亦可用來展示你喜歡的藏品\r\n\r\nFRYKSÅS系列內的家具都可以相互搭配。 可隨個人喜歡一組或單獨使用\r\n\r\n4個支腳有塑膠墊，方便移動且不會在地板留下痕跡\r\n\r\n天然耐用材質製造，經年使用，更加美麗\r\n\r\n天然纖維材質，質地輕巧，且堅固耐用', 2, 9, 3, 110, 76, 53.5, 9990, 9990, 1000, NULL, NULL, NULL, NULL, '2025-01-27'),
(156, 'HAUGA 書桌/工作桌', '附電線孔，容易隱藏也方便連接電線和插座\r\n\r\n除了單獨使用，亦可搭配HAUGA系列其他家具，以打造一致風格，或更大的收納組合\r\n\r\n桌面下方設儲物隔層，並附滑門； 可左右滑動，遮蔽部分存放在內的物品', 2, 9, 3, 100, 84.1, 45.3, 2999, 2999, 600, NULL, NULL, NULL, NULL, '2025-01-27'),
(158, 'HEMNES 書桌/工作桌', '桌面底下附層板，可隱藏收納電腦，方便連接使用\r\n\r\n有電線孔設計，方便收整電線\r\n\r\n下層抽屜附可調式檔案框，方便收納A4大小紙張\r\n\r\n美背式設計，可放置在房間中央\r\n\r\n天然實木材質，十分耐用\r\n\r\n可依需求將抽屜安裝在左側或右側\r\n\r\n上層抽屜附小收納隔層，可收納筆和其他物品', 2, 9, 3, 155, 74, 65, 9990, 9990, 1200, NULL, NULL, NULL, NULL, '2025-01-27'),
(159, 'IDANÄS 書桌/工作桌附延伸層架', '穩固、耐用又具功能性的書桌，備有充裕空間用來收納不同類型的物品，包括文件夾、紙張和其他文具，方便隨時取用\r\n\r\n頂層抽屜可以翻轉使用；亦可按需要放在不同高度，方便放置打印機或用來收納其他細小物品\r\n\r\n額外添加的配件為電腦螢幕打造合適高度，工作時更得心應手\r\n\r\n將物品放入附加的組件內，騰出桌面的工作空間\r\n\r\n兩側收納空間可放A4紙張或其他常用物品，方便隨時拿取\r\n\r\n設有緩衝功能，門和抽屜可以安靜地關上', 2, 9, 3, 70, 75, 152, 16990, 16990, 3000, NULL, NULL, NULL, NULL, '2025-01-27'),
(160, 'IDANÄS 書桌/工作桌', '穩固、耐用又具功能性的書桌，備有充裕空間用來收納不同類型的物品，包括文件夾、紙張和其他文具，方便隨時取用\r\n\r\n頂層抽屜可以翻轉使用；亦可按需要放在不同高度，方便放置打印機或用來收納其他細小物品\r\n\r\n設有緩衝功能，門和抽屜可以安靜地關上\r\n\r\n含電線收納功能；可隱藏收納電線，方便拿取\r\n\r\n桌面邊緣和前板的細緻處，盡見細密心思，而且具有傳統的外觀', 2, 9, 3, 152, 75, 70, 12990, 12990, 4000, NULL, NULL, NULL, NULL, '2025-01-27'),
(161, 'LAGKAPTEN/ALEX 書桌/工作桌', '讓你擁有更多收納空間，方便隨時取用\r\n\r\n隨你喜歡，可以將桌子放置在房間中央。因為它有漂亮的外觀，從哪一面看都很美觀\r\n\r\n門可安裝為左開或右開', 2, 9, 3, 60, 73, 120, 2298, 2298, 600, NULL, NULL, NULL, NULL, '2025-01-27'),
(162, 'LAGKAPTEN/ALEX 書桌/工作桌', '桌面用上蜂巢板材質，堅固輕量\r\n\r\n鏤空把手讓抽屜組合增加個性，讓你更加容易拉開抽屜', 2, 9, 3, 140, 73, 60, 3798, 3798, 1200, NULL, NULL, NULL, NULL, '2025-01-27'),
(163, 'LAGKAPTEN/ALEX 書桌/工作桌', '桌面用上蜂巢板材質，堅固輕量\r\n\r\n鏤空把手讓抽屜組合增加個性，讓你更加容易拉開抽屜', 2, 9, 3, 60, 73, 140, 6297, 6297, 1500, NULL, NULL, NULL, NULL, '2025-01-27'),
(164, 'MITTZON 升降式工作桌', '適合辦公室使用\r\n\r\n10年品質保證， 詳情請參閱品質保證書\r\n\r\n耐用的防污表面，容易清潔\r\n\r\n設有電線整理空間，可保持書桌井井有條。 可從頂部或側邊插拔插頭\r\n\r\n插入式收納格有一個細小的間格，尺寸專為KOPPLA電線插座而設（需另購），亦可用來放筆或便利貼等細物\r\n\r\n將電線藏進有蓋收納槽中，然後穿到桌下整齊收納線材\r\n\r\n底框下有充裕空間，無論坐著或是站著，亦能輕鬆伸展雙腳和移動椅子。 設計有4個掛鈎，用來掛起袋或耳機\r\n\r\n電動坐/站底框的手動控制器有兩個記憶設置，方便調整\r\n\r\n碰撞偵測功能可以在升高或降低桌子時感應任何突然的阻力。 可以自動停止並逆行30-50公釐\r\n\r\n可搭配容易安裝的MITTZON辦公桌隔音屏。 有了它，能大大減少視覺的騷擾、吸音，幫你專注工作\r\n\r\n能完美搭配GRÖNFJÄLL辦公椅，有助培養健康習慣和鼓勵參與度\r\n\r\n可調節寬度的坐/站底框，可搭配寬度分別為120、140和160公分的MITTZON工作檯面。利用相同的底框，按個人需要打造較大或較小的書桌\r\n\r\n雙馬達書桌有堅固的結構和高承重力，可確保坐著和站著使用時的平穩過渡', 2, 10, 4, 120, 126, 60, 9599, 9599, 1200, NULL, NULL, NULL, NULL, '2025-01-27'),
(165, 'RELATERA 升降式書桌', '這款書桌可陪伴孩子一起成長， 配有層架及抽屜收納物品，還有曲柄把手可輕鬆調整桌面高度，方便切換坐姿和站姿', 2, 10, 4, 101, 108, 60, 4699, 4699, 1000, NULL, NULL, NULL, NULL, '2025-01-27'),
(166, 'RELATERA 升降式書桌', '這款書桌可陪伴孩子一起成長，配有一個曲柄把手可輕鬆調整高度，方便孩子切換坐姿和站姿； 尺寸寬大，孩子就可專心學習及享受興趣', 2, 10, 4, 128, 108, 60, 4999, 4999, 1600, NULL, NULL, NULL, NULL, '2025-01-27'),
(167, 'MITTZON 升降式工作桌', '適合辦公室使用\r\n\r\n10年品質保證， 詳情請參閱品質保證書\r\n\r\n耐用的防污表面，容易清潔\r\n\r\n設有電線整理空間，可保持書桌井井有條。 可從頂部或側邊插拔插頭\r\n\r\n插入式收納格有一個細小的間格，尺寸專為KOPPLA電線插座而設（需另購），亦可用來放筆或便利貼等細物\r\n\r\n將電線藏進有蓋收納槽中，然後穿到桌下整齊收納線材\r\n\r\n底框下有充裕空間，無論坐著或是站著，亦能輕鬆伸展雙腳和移動椅子。 設計有4個掛鈎，用來掛起袋或耳機\r\n\r\n電動坐/站底框的手動控制器有兩個記憶設置，方便調整\r\n\r\n碰撞偵測功能可以在升高或降低桌子時感應任何突然的阻力。 可以自動停止並逆行30-50公釐\r\n\r\n可搭配容易安裝的MITTZON辦公桌隔音屏。 有了它，能大大減少視覺的騷擾、吸音，幫你專注工作\r\n\r\n能完美搭配GRÖNFJÄLL辦公椅，有助培養健康習慣和鼓勵參與度\r\n\r\n可調節寬度的坐/站底框，可搭配寬度分別為120、140和160公分的MITTZON工作檯面。利用相同的底框，按個人需要打造較大或較小的書桌\r\n\r\n雙馬達書桌有堅固的結構和高承重力，可確保坐著和站著使用時的平穩過渡', 2, 10, 4, 120, 126, 60, 8999, 8999, 2000, NULL, NULL, NULL, NULL, '2025-01-27'),
(168, 'IDÅSEN 升降式工作桌', '提供10年品質保證；欲知更多細則，請參閱品質保證書\r\n\r\n可用把手調整桌面高度63-127公分，讓你保持舒適的坐姿和站姿\r\n\r\n桌面底下附電線收納網，可使桌面保持整齊乾淨\r\n\r\n實木貼皮表面，耐用、抗污，容易保持乾淨', 2, 10, 4, 80, 127, 160, 17990, 17990, 4000, NULL, NULL, NULL, NULL, '2025-01-27'),
(169, 'MITTZON 升降式工作桌', '適合辦公室使用\r\n\r\n10年品質保證， 詳情請參閱品質保證書\r\n\r\n耐用的防污表面，容易清潔\r\n\r\n設有電線整理空間，可保持書桌井井有條。 可從頂部或側邊插拔插頭\r\n\r\n插入式收納格有一個細小的間格，尺寸專為KOPPLA電線插座而設（需另購），亦可用來放筆或便利貼等細物\r\n\r\n將電線藏進有蓋收納槽中，然後穿到桌下整齊收納線材\r\n\r\n底框下有充裕空間，無論坐著或是站著，亦能輕鬆伸展雙腳和移動椅子。 設計有4個掛鈎，用來掛起袋或耳機\r\n\r\n電動坐/站底框的手動控制器有兩個記憶設置，方便調整\r\n\r\n碰撞偵測功能可以在升高或降低桌子時感應任何突然的阻力。 可以自動停止並逆行30-50公釐\r\n\r\n可搭配容易安裝的MITTZON辦公桌隔音屏。 有了它，能大大減少視覺的騷擾、吸音，幫你專注工作\r\n\r\n能完美搭配GRÖNFJÄLL辦公椅，有助培養健康習慣和鼓勵參與度\r\n\r\n可調節寬度的坐/站底框，可搭配寬度分別為120、140和160公分的MITTZON工作檯面。利用相同的底框，按個人需要打造較大或較小的書桌\r\n\r\n雙馬達書桌有堅固的結構和高承重力，可確保坐著和站著使用時的平穩過渡', 2, 10, 4, 140, 126, 80, 9999, 9999, 2000, NULL, NULL, NULL, NULL, '2025-01-27'),
(170, 'GLADHÖJDEN 升降式工作桌', '這款升降式書桌無需電源，不會有亂七八糟的電線，讓你放到那裡都很方便\r\n\r\n握住把手，提升或壓下桌面，即可將升降桌的高度設定在72至115公分之間，配合你站著或坐下時的高度\r\n\r\n附氣壓彈簧與鞏固鋼製底座 ，讓操作更寧靜、快速及安全\r\n\r\n可調整成坐姿和站勢，移動身體，讓你更舒服的工作\r\n\r\n桌面深，可提供寬敞的工作空間，讓你坐得舒適，與電腦螢幕保持適當距離\r\n\r\n簡單的無光澤設計，讓書桌更具性格\r\n\r\n橡膠底墊可使桌腳固定不移位，且避免刮傷地板\r\n\r\n美耐皿表面耐磨、防污而且清潔容易', 2, 10, 4, 100, 115, 60, 5999, 5999, 2000, NULL, NULL, NULL, NULL, '2025-01-27'),
(171, 'MITTZON 升降式工作桌', '適合辦公室使用\r\n\r\n10年品質保證， 詳情請參閱品質保證書\r\n\r\n耐用的防污表面，容易清潔\r\n\r\n設有電線整理空間，可保持書桌井井有條。 可從頂部或側邊插拔插頭\r\n\r\n插入式收納格有一個細小的間格，尺寸專為KOPPLA電線插座而設（需另購），亦可用來放筆或便利貼等細物\r\n\r\n將電線藏進有蓋收納槽中，然後穿到桌下整齊收納線材\r\n\r\n底框下有充裕空間，無論坐著或是站著，亦能輕鬆伸展雙腳和移動椅子。 設計有4個掛鈎，用來掛起袋或耳機\r\n\r\n電動坐/站底框的手動控制器有兩個記憶設置，方便調整\r\n\r\n碰撞偵測功能可以在升高或降低桌子時感應任何突然的阻力。 可以自動停止並逆行30-50公釐\r\n\r\n可搭配容易安裝的MITTZON辦公桌隔音屏。 有了它，能大大減少視覺的騷擾、吸音，幫你專注工作\r\n\r\n能完美搭配GRÖNFJÄLL辦公椅，有助培養健康習慣和鼓勵參與度\r\n\r\n可調節寬度的坐/站底框，可搭配寬度分別為120、140和160公分的MITTZON工作檯面。利用相同的底框，按個人需要打造較大或較小的書桌\r\n\r\n雙馬達書桌有堅固的結構和高承重力，可確保坐著和站著使用時的平穩過渡', 2, 10, 4, 160, 126, 80, 11799, 11799, 3000, NULL, NULL, NULL, NULL, '2025-01-27'),
(172, 'MITTZON 升降式工作桌', '適合辦公室使用\r\n\r\n10年品質保證， 詳情請參閱品質保證書\r\n\r\n耐用的防污表面，容易清潔\r\n\r\n設有電線整理空間，可保持書桌井井有條。 可從頂部或側邊插拔插頭\r\n\r\n插入式收納格有一個細小的間格，尺寸專為KOPPLA電線插座而設（需另購），亦可用來放筆或便利貼等細物\r\n\r\n將電線藏進有蓋收納槽中，然後穿到桌下整齊收納線材\r\n\r\n底框下有充裕空間，無論坐著或是站著，亦能輕鬆伸展雙腳和移動椅子。 設計有4個掛鈎，用來掛起袋或耳機\r\n\r\n電動坐/站底框的手動控制器有兩個記憶設置，方便調整\r\n\r\n碰撞偵測功能可以在升高或降低桌子時感應任何突然的阻力。 可以自動停止並逆行30-50公釐\r\n\r\n可搭配容易安裝的MITTZON辦公桌隔音屏。 有了它，能大大減少視覺的騷擾、吸音，幫你專注工作\r\n\r\n能完美搭配GRÖNFJÄLL辦公椅，有助培養健康習慣和鼓勵參與度\r\n\r\n可調節寬度的坐/站底框，可搭配寬度分別為120、140和160公分的MITTZON工作檯面。利用相同的底框，按個人需要打造較大或較小的書桌\r\n\r\n雙馬達書桌有堅固的結構和高承重力，可確保坐著和站著使用時的平穩過渡', 2, 10, 4, 140, 126, 80, 10799, 10799, 2000, NULL, NULL, NULL, NULL, '2025-01-27'),
(174, 'NACKANÄS 餐椅', '椅子以實心洋槐木打造，鞏固的結構，天然材質，其顏色和紋理能隨年月而變化，讓每張椅子都變得獨一無二\r\n\r\n編織椅墊既美觀、堅固又坐得舒適\r\n\r\n搭配NACKANÄS餐桌，打造統一協調的外觀。備有多種尺寸以配合你空間的大小需要\r\n\r\n彎型靠背、寬敞的編織座墊，坐得舒適，用餐、寫字或做文書工作都非常合適\r\n\r\n中空的靠背設計，讓你可以把餐椅掛在牆上，節省地方', 3, 11, 14, 45, 81, 47, 1499, 1499, 300, NULL, NULL, NULL, NULL, '2025-01-27'),
(175, 'NACKANÄS 餐椅', '椅子以實心洋槐木打造，鞏固的結構，天然材質，其顏色和紋理能隨年月而變化，讓每張椅子都變得獨一無二\r\n\r\n編織椅墊既美觀、堅固又坐得舒適\r\n\r\n搭配NACKANÄS餐桌，打造統一協調的外觀。備有多種尺寸以配合你空間的大小需要\r\n\r\n彎型靠背、寬敞的編織座墊，坐得舒適，用餐、寫字或做文書工作都非常合適\r\n\r\n中空的靠背設計，讓你可以把餐椅掛在牆上，節省地方', 3, 11, 14, 45, 81, 47, 1499, 1499, 300, NULL, NULL, NULL, NULL, '2025-01-27'),
(176, 'EKEDALEN 餐椅', '布套可以拆下放入機洗，容易清潔\r\n\r\n採用軟墊椅座，靠背角度舒適，讓你盡情享受用餐時光，久坐也不累\r\n\r\n實木椅框，可使結構堅固耐用\r\n\r\n容易配襯同系列的餐桌和長凳\r\n\r\n椅套以棉和聚酯纖維編織而成，略帶紋理，柔軟舒適。 染紗纖維營造同色系效果，感覺平和乾淨', 3, 11, 14, 45, 95, 51, 1999, 1999, 800, NULL, NULL, NULL, NULL, '2025-01-27'),
(178, 'INGOLF 餐椅', '椅子配上座墊，非常適合長時間用餐或與家人進行桌上遊戲時使用\r\n\r\n布套可拆下，用洗衣機洗滌', 3, 11, 14, 43, 91, 53, 2299, 2299, 1000, NULL, NULL, NULL, NULL, '2025-01-27'),
(180, 'STEFAN 餐椅', '椅套可除下清洗，有小朋友家庭的好選擇\r\n\r\n經常曬晾或洗濯椅套，可以讓椅套保持清爽乾淨，更可減少家居的灰塵和污垢\r\n\r\n只有6枚螺絲，組裝容易\r\n\r\n實木椅框堅固耐用\r\n\r\n無扶手設計讓你可以把餐椅完全推入桌底，節省空間', 3, 11, 14, 42, 90, 49, 1199, 1199, 600, NULL, NULL, NULL, NULL, '2025-01-27'),
(181, 'KÄTTIL 餐椅', '用膳完畢，可除下餐椅套可放入機洗，清潔容易\r\n\r\n一體化餐椅套有魔鬼氈，方便除下更換和清洗\r\n\r\n經常曬晾或洗濯椅套，可以讓椅套保持清爽乾淨，更可減少家居的灰塵和污垢\r\n\r\n實木椅框堅固耐用\r\n\r\n無扶手設計讓你可以把餐椅完全推入桌底，節省空間', 3, 11, 14, 46, 89, 52, 1499, 1499, 800, NULL, NULL, NULL, NULL, '2025-01-27'),
(182, 'BALTSAR 餐椅', '弧形的座椅設計，配合圓形的背墊，讓你坐得舒適\r\n\r\n容易組裝，不需使用工具或螺絲\r\n\r\n椅腳以實心櫸木作製造，不單堅固而且增加了質感\r\n\r\n容易清潔', 3, 11, 14, 58, 85, 57, 4999, 4999, 1200, NULL, NULL, NULL, NULL, '2025-01-27'),
(184, 'LANDSKRONA 椅凳', '表面以GRANN覆蓋，它是一種柔軟、順滑而結實的牛皮，會隨歲月有著天然變化。 其他表面則用上合成皮革BOMSTAD\r\n\r\n可當作額外座椅或舒適的沙發延伸組件\r\n\r\n椅墊以高回彈泡棉和聚酯纖維填充，提供絕佳的舒適感\r\n\r\n提供10年品質保證；欲知更多細則，請參閱品質保證書', 3, 12, 24, 65, 44, 77, 8499, 8499, 1200, NULL, NULL, NULL, NULL, '2025-01-27'),
(185, 'KIVIK 收納椅凳', '讓雙腳舒適地放在這款椅櫈上休息，亦可當成額外座椅或舒適的沙發延伸\r\n\r\n椅凳內有寬敞的儲物空間，方便你拿到常用的東西，同時保持椅凳附近乾淨整齊\r\n\r\nTresund質地整潔，以100％再生聚酯纖維和棉質製造。 打造雙色效果，散發微微光澤，舒適而且十分柔軟\r\n\r\n布套可用洗衣機清洗，且容易拆下及裝回，容易保持乾淨\r\n\r\n10年品質保證，詳情請參閱品質保證單張', 3, 12, 24, 90, 43, 70, 6999, 6999, 800, NULL, NULL, NULL, NULL, '2025-01-27'),
(187, 'FÖRLUNDA 椅凳', '可疊起存放，不會佔用太多地方，可多買數張來招待訪客\r\n\r\n可以輕鬆移動椅凳到你需要的地方，作為額外椅子使用。例如:為訪客提供座位\r\n\r\n10年品質保證，詳情請參閱品質保證單張\r\n\r\n可做為擱腳凳、座椅或在上面放置托盤，當作桌子使用\r\n\r\n布套經過處理，讓飛濺物質不會滲入纖維；而是停留在表面，用乾布一抹即能清潔，簡單容易\r\n\r\n布套以Tonerud製造。它是一種柔軟的聚酯纖維，表面光滑，而且帶有兩種混色效果', 3, 12, 24, 44, 41, 0, 1799, 1799, 400, NULL, NULL, NULL, NULL, '2025-01-27'),
(189, 'FLINTAN 辦公椅', '提供10年品質保證；欲知更多細則，請參閱品質保證書\r\n\r\n可另購扶手，以紓緩手臂和肩膀的壓力\r\n\r\n輪腳外層為橡膠材質，可在任何材質的地板上滑順移動\r\n\r\n高椅背，圓弧造型，可為下背部提供良好支撐，避免感到疲累，讓你用放鬆的姿勢舒適久坐\r\n\r\n傾斜功能在椅背處於直立位置時可鎖定，增加穩定度\r\n\r\n布套可拆下放入機洗，常保乾淨清新\r\n\r\n適合辦公室使用\r\n\r\n人體工學設計，功能眾多，可輕鬆貼合你的身形\r\n\r\n同步傾斜機械裝置讓辦公椅和你的身軀同步移動。 當身軀往後傾斜時，靠背較座位的移動幅度更大，讓軀幹/臀部張開， 幫助血液循環和提升活力\r\n\r\n座椅高度可調整，讓背部與大腿成90度\r\n\r\n當你站起來時，輪腳會自動鎖著，讓椅子保持原位，不會溜走\r\n\r\n輪腳設計讓椅子在地毯、硬地，甚至是凹凸不平的地面也能輕鬆移動\r\n\r\n備有自動傾斜張力，以你的體重決定靠背的阻力。 這種抗壓力功能，能幫你在坐下去時維持良好的姿態\r\n\r\n當身軀傾斜時，同步傾斜機械能讓你的雙腳緊貼地板但視線仍然可以向著前方。 可伸展胸部又不會給大腿添加壓力，從而幫助血液循環', 3, 13, 24, 46, 58, 71, 2199, 2199, 800, NULL, NULL, NULL, NULL, '2025-01-27'),
(190, 'FLINTAN 辦公椅附扶手', '提供10年品質保證；欲知更多細則，請參閱品質保證書\r\n\r\n輪腳外層為橡膠材質，可在任何材質的地板上滑順移動\r\n\r\n布套可拆下用洗衣機洗滌，常保乾淨\r\n\r\n高椅背，圓弧造型，可為下背部提供良好支撐，避免感到疲累，讓你用放鬆的姿勢舒適久坐\r\n\r\n傾斜功能在椅背處於直立位置時可鎖定，增加穩定度\r\n\r\n適合辦公室使用\r\n\r\n人體工學設計，功能眾多，可輕鬆貼合你的身形\r\n\r\n同步傾斜機械裝置讓辦公椅和你的身軀同步移動。 當身軀往後傾斜時，靠背較座位的移動幅度更大，讓軀幹/臀部張開， 幫助血液循環和提升活力\r\n\r\n座椅高度可調整，讓背部與大腿成90度\r\n\r\n當你站起來時，輪腳會自動鎖著，讓椅子保持原位，不會溜走\r\n\r\n輪腳設計讓椅子在地毯、硬地，甚至是凹凸不平的地面也能輕鬆移動\r\n\r\n扶手為你的前臂上半部分提供足夠的支撐，並能減少長時間會議，背部和肩膀承受的壓力\r\n\r\n備有自動傾斜張力，以你的體重決定靠背的阻力。 這種抗壓力功能，能幫你在坐下去時維持良好的姿態\r\n\r\n當身軀傾斜時，同步傾斜機械能讓你的雙腳緊貼地板但視線仍然可以向著前方。 可伸展胸部又不會給大腿添加壓力，從而幫助血液循環', 3, 13, 24, 71, 58, 71, 2699, 2699, 1000, NULL, NULL, NULL, NULL, '2025-01-27'),
(194, 'HUVUDSPELARE 電競椅', '椅背的網眼材質可讓空氣流通，久坐也能感到舒適\r\n\r\n附安全輪腳，具有感壓煞車裝置，起身時可固定椅子，坐下後自動鬆開鎖定\r\n\r\n可調整座椅高度，讓你坐得更舒適\r\n\r\n內置腰部支撐設計，為背部提供適當支撐，有效釋放壓力\r\n\r\n這張辦公椅可以調校傾斜的張力，配合你的姿勢、慣常動作和體重\r\n\r\n同步的座椅和靠背傾斜度可配合身體的移動，亦可將椅子調校到正確的位置', 3, 14, 25, 60, 113, 54, 1999, 1999, 600, NULL, NULL, NULL, NULL, '2025-01-27'),
(195, 'MATCHSPEL 電競椅', '傾斜度可調整和固定，增加穩固性，也可依不同的坐姿控制\r\n\r\n附安全輪腳，具有感壓煞車裝置，起身時可固定椅子，坐下後自動鬆開鎖定\r\n\r\n含高品質泡棉，經久使用後仍維持舒適感\r\n\r\n可調整座椅高度，讓你坐得更舒適\r\n\r\n內置腰部支撐設計，為背部提供適當支撐，有效釋放壓力\r\n\r\n同步的座椅和靠背傾斜度可配合身體的移動，亦可將椅子調校到正確的位置\r\n\r\n高背靠設計，賦予身體、頸項和頭部非常好的承托\r\n\r\n電競椅的鞏固碳鋼椅框和合板十分耐用，歷久彌新\r\n\r\n椅背的網狀物料，能讓空氣流通，亦方便電競比賽時移動\r\n\r\n可以輕鬆轉動和調校頭枕的位置和高度，讓你無論在電競或中途休息時，頸項都有最好的支撐\r\n\r\n扶手可以依隨臂膀轉動，亦可調校高度，減輕手臂和肩膊的壓力\r\n\r\n仿皮軟墊套既耐用又容易清潔，用軟布抹拭即可\r\n\r\n輪腳外層為橡膠材質，可在任何材質的地板上滑順移動', 3, 14, 25, 66, 132, 66, 4999, 4999, 1000, NULL, NULL, NULL, NULL, '2025-01-27'),
(197, 'LÖPARBANA 電競椅', '附安全輪腳，具有感壓煞車裝置，起身時可固定椅子，坐下後自動鬆開鎖定\r\n\r\n電競椅的鞏固碳鋼椅框和合板十分耐用，歷久彌新\r\n\r\n輪腳外層為橡膠材質，可在任何材質的地板上滑順移動\r\n\r\n全靠自動傾斜功能，你的體重將決定靠背的阻力 這種抗壓力功能，當你進行比賽時，就算坐在椅上，也能維持良好的姿勢\r\n\r\n同步傾斜機械裝置可以讓辦公椅和你的身軀同步移動。 當你往後靠時，椅背的移動幅度會比座椅部分為大；這樣就能打開你的軀幹，改善比賽期間的血液循環和能量水平\r\n\r\n當比賽完畢身軀向後靠時，同步機械裝置能讓雙腳仍然貼在地板上，目光向前。 如此伸展放鬆胸肌而不給大腿添壓力，更能改善血液循環\r\n\r\n傾斜鎖功能讓你調節椅背的傾斜度，鎖定在3個不同位置，從低角度到垂直角度。 為你在進行不同活動時提供合適的支撐，例如：用手機來進行比賽\r\n\r\n高靠背和頭枕的設計，為你的身體、頸項和頭部提供耐用和舒適的支撐\r\n\r\n頭枕高度可調整，比賽期間或中途休息時，能為頸部提供良好支撐。 頭枕套可拆下來清洗，常保清爽乾淨\r\n\r\n靠背的背面有一支吊衣桿，方便吊起物品，隨時取用\r\n\r\nLÖPARBANA電競椅有兩個顏色可供選擇，挑選你喜歡的那一款\r\n\r\n完美搭配UTVISNING電競桌及BRÄNNBOLL電競站', 3, 14, 25, 66, 129, 66, 3499, 3499, 900, NULL, NULL, NULL, NULL, '2025-01-27'),
(198, 'STYRSPEL 電競椅', '附安全輪腳，具有感壓煞車裝置，起身時可固定椅子，坐下後自動鬆開鎖定\r\n\r\n可調整座椅高度，讓你坐得更舒適\r\n\r\n同步的座椅和靠背傾斜度可配合身體的移動，亦可將椅子調校到正確的位置\r\n\r\n高背靠設計，賦予身體、頸項和頭部非常好的承托\r\n\r\n椅背的網狀物料，能讓空氣流通，亦方便電競比賽時移動\r\n\r\n頭枕高度可調整，遊戲期間或中途休息時，都為頸部提供良好支撐\r\n\r\n椅子為你的前臂提供舒適的承托，加上軟墊扶手可以向上、下、前、後和向內進行調校，減低你肩頸的壓力\r\n\r\n扶手和椅背連成一體，所以扶手會隨椅背一起向後傾斜，為你在玩手機時的多種動作提供最好的承托\r\n\r\n底座不單提升移動和穩定性，更可當作踏腳使用\r\n\r\n座位深度可以調校，讓背部有最好的承托\r\n\r\n可以按個人需要調校背部承托', 3, 14, 25, 71, 142, 69, 3499, 3499, 900, NULL, NULL, NULL, NULL, '2025-01-27'),
(199, 'STIG 吧台椅附靠背', '可堆疊收納，不佔空間\r\n\r\n下方橫桿可擱腳，坐得更舒適', 3, 15, 16, 54, 90, 44, 499, 499, 100, NULL, NULL, NULL, NULL, '2025-01-27'),
(200, 'STIG 吧台椅附靠背', '可堆疊收納，不佔空間\r\n\r\n下方橫桿可擱腳，坐得更舒適', 3, 15, 16, 54, 100, 44, 499, 499, 100, NULL, NULL, NULL, NULL, '2025-01-27'),
(201, 'FRANKLIN 折疊吧台椅', '不用時可摺疊收納，節省空間\r\n\r\n貼心的放腳處設計,讓您坐得更舒適\r\n\r\n椅腳附塑膠底墊，可避免在軟質地板留下壓痕\r\n\r\n附安全鎖，可確保移動時不會摺疊\r\n\r\n可折疊，容易收納', 3, 15, 16, 34, 95, 34, 1299, 1299, 400, NULL, NULL, NULL, NULL, '2025-01-27'),
(203, 'FRANKLIN 折疊吧台椅', '不用時可摺疊收納，節省空間\r\n\r\n貼心的放腳處設計,讓您坐得更舒適\r\n\r\n椅腳附塑膠底墊，可避免在軟質地板留下壓痕\r\n\r\n附安全鎖，可確保移動時不會摺疊\r\n\r\n可折疊，容易收納', 3, 15, 16, 34, 103, 34, 1499, 1499, 600, NULL, NULL, NULL, NULL, '2025-01-27'),
(204, 'SÖDERHAMN 單人座沙發', '座椅低又深，十分柔軟；靠墊柔軟蓬鬆，能提供舒適支撐\r\n\r\n輕巧透氣、高腳流線設計，配合底部彈性編織和高回彈泡棉的椅墊，給身體最舒適的享受\r\n\r\n需要一張較大的沙發？你可以在現在的沙發組中添加多一、兩個部分\r\n\r\n使用規劃工具打造理想的沙發組合，任意組裝和拆卸直到你感到滿意為止\r\n\r\n布套可用洗衣機清洗，且容易拆下及裝回，容易保持乾淨\r\n\r\n10年品質保證，詳情請參閱品質保證單張', 4, 16, 8, 93, 83, 99, 11990, 11990, 3000, NULL, NULL, NULL, NULL, '2025-01-27'),
(206, 'JÄTTEBO 單人座椅附收納功能', '這些模組從任何角度看都同樣美觀，可靠牆擺放，也可放在房間中央\r\n\r\n布套以Tonerud製造。它是一種柔軟的聚酯纖維，表面光滑，而且帶有兩種混色效果\r\n\r\n布套可用洗衣機清洗，且容易拆下及裝回，容易保持乾淨\r\n\r\n10年品質保證，詳情請參閱品質保證單張', 4, 16, 8, 70, 71, 95, 9345, 9345, 2000, NULL, NULL, NULL, NULL, '2025-01-27'),
(207, 'JÄTTEBO 單人座椅附收納功能', '這些模組從任何角度看都同樣美觀，可靠牆擺放，也可放在房間中央\r\n\r\n布套以Tonerud製造。它是一種柔軟的聚酯纖維，表面光滑，而且帶有兩種混色效果\r\n\r\n布套可用洗衣機清洗，且容易拆下及裝回，容易保持乾淨\r\n\r\n10年品質保證，詳情請參閱品質保證單張', 4, 16, 8, 70, 71, 95, 9645, 9645, 2000, NULL, NULL, NULL, NULL, '2025-01-27'),
(208, 'LYCKSELE LÖVÅS 單人沙發床', '泡棉床墊堅實耐用，適合天天使用\r\n\r\n外型不大，容易擺放，可輕鬆轉換成一張單人床\r\n\r\n床墊布套可拆下乾洗，容易保持乾淨\r\n\r\nTutstad椅套有充滿玩味的圖案，柔軟棉質布料有襯裡結構，裡面以聚酯纖維作填充物，提供柔軟舒適感\r\n\r\n另有其他布套可供選擇，讓你輕鬆變換沙發和房間的風格\r\n\r\n有3種床墊與多種床墊套可供選擇，讓你創造專屬的舒適組合\r\n\r\n提供10年品質保證；欲知更多細則，請參閱品質保證書', 4, 16, 8, 80, 87, 100, 6490, 6490, 1200, NULL, NULL, NULL, NULL, '2025-01-27'),
(209, 'GLOSTAD 雙人座沙發', '設計簡約，並提供特厚的座椅、內含軟墊的扶手和柔軟的靠墊，讓你坐得舒適\r\n\r\n重量輕，不論是在家裡移動或搬到新家，都能輕鬆做到\r\n\r\n輕微傾斜的椅腳確保沙發穩固，同時增添個人風格\r\n\r\n精巧外形，容易搭配佈置，適合小空間使用\r\n\r\n布套採用Knisa聚酯纖維布料製成，經過原液染色處理， 質感柔軟又耐用\r\n\r\n提供10年品質保證；欲知更多細則，請參閱品質保證書\r\n\r\n獨特的設計，只需8枚螺絲，就可以迅速又簡易地將產品組裝。\r\n\r\n可輕鬆帶回家自行組裝；包裝長約115公分，寬65公分，重量不到20公斤\r\n\r\n這款設計有助我們在生產過程中更有效地使用材料，可保護地球環境，同時為你帶來低價', 4, 17, 9, 121, 140, 78, 3299, 3299, 900, NULL, NULL, NULL, NULL, '2025-01-27'),
(211, 'PÄRUP 雙人座沙發', '椅套可拆下用洗衣機洗滌，常保乾淨\r\n\r\n布套採用VISSLE聚酯纖維布料製成，經過原液染色處理；堅韌耐用，平織表面，具有雙色效果\r\n\r\n提供10年品質保證；欲知更多細則，請參閱品質保證書\r\n\r\n沙發的支腳為沙發底部打造通風效果，且方便你進行清潔\r\n\r\n耐用的筒彈簧讓沙發經年使用後，仍能保持原狀和舒適度\r\n\r\n椅座的高度、深度及靠墊設計，可為身體提供適當支撐，讓你在沙發放鬆時仍能保時腰背挺直', 4, 17, 9, 165, 131, 80, 8990, 8990, 1200, NULL, NULL, NULL, NULL, '2025-01-27'),
(213, 'VACKERBY 雙人座沙發', '高度較高，容易坐下和起身，含直挺的座椅和高扶手；高椅腳設計，容易清理地板\r\n\r\n靠墊和椅墊的布套均可拆除機洗，方便清潔\r\n\r\n沒有鬆脫零件的設計使沙發非常容易組裝，拆卸和重新組裝，例如，如果你希望在搬家時把沙發一併帶走\r\n\r\n你可搭配不同顏色和圖案的座墊，使沙發更舒適誘人\r\n\r\n提供10年品質保證；欲知更多細則，請參閱品質保證書', 4, 17, 9, 129, 115, 67, 3990, 3990, 700, NULL, NULL, NULL, NULL, '2025-01-27'),
(214, 'KIVIK 三人座沙發附躺椅', '附可拆式扶手，方便延伸搭配一張或多張躺椅\r\n\r\n可單獨使用或搭配沙發\r\n\r\n可將躺椅放在沙發的左側或右側，隨時變換座椅組合\r\n\r\n布套可用洗衣機清洗，且容易拆下及裝回，容易保持乾淨\r\n\r\n10年品質保證，詳情請參閱品質保證單張\r\n\r\n寬闊的扶手給你充裕的位置，可以用來放手機，甚至滿滿一碗的小吃，伴你看電影；躺下休息時，頭部放在上面也很舒服\r\n\r\n耐用的筒彈簧讓沙發經年使用後，仍能保持原狀和舒適度\r\n\r\n享受超級舒適的KIVIK沙發。座墊以筒彈簧、高彈力泡棉和聚酯纖維製造，帶給你既鬆弛柔軟，又堅挺的承托\r\n\r\nKIVIK沙發的清晰設計，極具個性；而不同的選項則方便你輕鬆搭配其他的家品\r\n\r\n椅套以TIBBLEBY原液染色聚酯纖維製造，帶有微微光感和簡樸的人字圖案\r\n\r\n沙發的尺寸和深度剛好讓你躺在上面小睡一下；一家人歡聚時，也有足夠空間，讓大家坐得舒適。寬闊的扶手更可當作額外的座位使用', 4, 18, 10, 280, 83, 95, 24990, 24990, 3000, NULL, NULL, NULL, NULL, '2025-01-27'),
(215, 'PÄRUP 三人座沙發附躺椅', '沙發的支腳為沙發底部打造通風效果，且方便你進行清潔\r\n\r\n耐用的筒彈簧讓沙發經年使用後，仍能保持原狀和舒適度\r\n\r\n椅座的高度、深度及靠墊設計，可為身體提供適當支撐，讓你在沙發放鬆時仍能保時腰背挺直\r\n\r\n座椅下備有收納的空間，方便你拿取使用想要的物品\r\n\r\n躺椅可放置在左邊或右邊，依你的空間和喜好選擇擺放的方向\r\n\r\nGunnared聚酯纖維布料製成，經過原液染色處理； 經久耐用，具仿羊毛溫暖質感，呈現雙色混合效果\r\n\r\n椅套可拆下用洗衣機洗滌，常保乾淨\r\n\r\n提供10年品質保證；欲知更多細則，請參閱品質保證書', 4, 18, 10, 235, 86, 148, 19990, 19990, 3000, NULL, NULL, NULL, NULL, '2025-01-27'),
(216, 'SMEDSTORP 三人座沙發附躺椅', '高椅腳；便於清理沙發底下的地板\r\n\r\n高回彈泡棉使沙發柔軟又舒適，為身體提供舒適支撐，起身後可快速恢復原狀\r\n\r\n這款舒適的沙發配有獨立袋裝彈簧座墊，具有高回彈泡棉和頂層填充物。 為身體提供了良好的舒適感和支撐\r\n\r\n提供10年品質保證；欲知更多細則，請參閱品質保證書\r\n\r\n椅墊採用高回彈泡棉，格外舒適\r\n\r\nVIARP布料耐用和容易清潔，以棉花和再生聚酯纖維織成，減少起毛球；其混色效果不易沾上污漬\r\n\r\n躺椅可放置在左邊或右邊，依你的空間和喜好選擇擺放的方向', 4, 18, 10, 246, 88, 128, 28490, 28490, 13000, NULL, NULL, NULL, NULL, '2025-01-27'),
(217, 'VIMLE 三人座沙發附躺椅', '可將躺椅放在沙發的左側或右側，隨時變換座椅組合\r\n\r\n提供10年品質保證；欲知更多細則，請參閱品質保證書\r\n\r\n此沙發柔軟又舒適，且十分耐用，椅墊內含高回彈泡棉，為身體提供適當支撐，起身後可立即恢復原狀\r\n\r\n躺椅底下有儲物空間，蓋子可保持開啟狀態，方便拿出和放回物品\r\n\r\n椅套可拆下用洗衣機洗滌，常保乾淨\r\n\r\n搭配VIMLE頭靠墊，可延伸椅背空間，為頸部提供適當支撐，讓你坐得更舒適\r\n\r\nGunnared聚酯纖維布料製成，經過原液染色處理； 經久耐用，具仿羊毛溫暖質感，呈現雙色混合效果', 4, 18, 10, 266, 88, 98, 30990, 30990, 13000, NULL, NULL, NULL, NULL, '2025-01-27'),
(218, 'KIVIK 三人座沙發附躺椅', '附可拆式扶手，方便延伸搭配一張或多張躺椅\r\n\r\n可單獨使用或搭配沙發\r\n\r\n可將躺椅放在沙發的左側或右側，隨時變換座椅組合\r\n\r\n布套可用洗衣機清洗，且容易拆下及裝回，容易保持乾淨\r\n\r\n10年品質保證，詳情請參閱品質保證單張\r\n\r\n寬闊的扶手給你充裕的位置，可以用來放手機，甚至滿滿一碗的小吃，伴你看電影；躺下休息時，頭部放在上面也很舒服\r\n\r\n耐用的筒彈簧讓沙發經年使用後，仍能保持原狀和舒適度\r\n\r\n享受超級舒適的KIVIK沙發。座墊以筒彈簧、高彈力泡棉和聚酯纖維製造，帶給你既鬆弛柔軟，又堅挺的承托\r\n\r\nKIVIK沙發的清晰設計，極具個性；而不同的選項則方便你輕鬆搭配其他的家品\r\n\r\n沙發的尺寸和深度剛好讓你躺在上面小睡一下；一家人歡聚時，也有足夠空間，讓大家坐得舒適。寬闊的扶手更可當作額外的座位使用\r\n\r\nTresund質地整潔，以100％再生聚酯纖維和棉質製造。 打造雙色效果，散發微微光澤，舒適而且十分柔軟', 4, 18, 10, 280, 83, 163, 29990, 29990, 13000, NULL, NULL, NULL, NULL, '2025-01-27'),
(219, 'BLÅSVERK 吊燈', '可提供集中式及普照式燈光，適合照亮餐桌', 5, 20, 17, 0, 0, 0, 999, 999, 100, NULL, NULL, NULL, NULL, '2025-01-27'),
(220, 'VÄXJÖ 吊燈', '可提供集中式光線照亮餐桌或吧台桌，營造舒適的用餐氣氛', 5, 20, 17, 0, 0, 0, 999, 999, 100, NULL, NULL, NULL, NULL, '2025-01-27'),
(221, 'BUNKEFLO 吊燈', '可提供集中式光線照亮餐桌或吧台桌，營造舒適的用餐氣氛', 5, 20, 17, 0, 0, 0, 1299, 1299, 300, NULL, NULL, NULL, NULL, '2025-01-27'),
(222, 'MELODI 吊燈', '可提供集中式光線照亮餐桌或吧台桌，營造舒適的用餐氣氛', 5, 20, 17, 0, 0, 0, 329, 329, 80, NULL, NULL, NULL, NULL, '2025-01-27'),
(223, 'TRETTIOEN 吊燈', '可提供集中式光線照亮餐桌或吧台桌，營造舒適的用餐氣氛', 5, 21, 5, 0, 0, 0, 499, 499, 100, NULL, NULL, NULL, NULL, '2025-01-27'),
(224, 'SVALLET 檯燈', '可提供適合閱讀的集中式燈光', 5, 21, 5, 0, 0, 0, 199, 199, 40, NULL, NULL, NULL, NULL, '2025-01-27'),
(225, 'FORSÅ 檯燈', '附可調式燈臂和燈頭，可依需求調整照明方向\r\n\r\n可提供適合閱讀的集中式燈光', 5, 21, 5, 0, 0, 0, 599, 599, 100, NULL, NULL, NULL, NULL, '2025-01-27'),
(226, 'ORSALA 檯燈', 'ORSALA工作燈提供零頻閃光源，減低導致眼睛疲勞，適合用作溫習、閱讀及工作\r\n\r\nCRI> 90，表示產品提供接近自然日光的光線，以顯現真實的顯色性和色彩穩定性。如果你喜歡繪畫或做工藝品，這盞工作燈會是你的不二之選\r\n\r\n附可調式燈頭和燈臂，可依需求調整照明角度\r\n\r\n只要按下及轉動按鈕便可調節亮度及燈光顏色。長按開關按鈕便可把燈關掉\r\n\r\n記憶功能設計讓你每次開燈也能保留你喜歡的光色及亮度\r\n\r\n內建USB槽，可替手機或其他電子裝置充電\r\n\r\n使用LED燈泡，比普通燈泡省電高達85%及長20倍使用壽命\r\n\r\n底座具有重量，可穩固放置', 5, 21, 5, 0, 0, 0, 1799, 1799, 500, NULL, NULL, NULL, NULL, '2025-01-27');
INSERT INTO `product` (`productid`, `productname`, `productdescription`, `maincategoryid`, `subcategoryid`, `supplierid`, `width`, `height`, `depth`, `unitprice`, `discountprice`, `productcost`, `status`, `unitsold`, `rating`, `reviewcount`, `updateat`) VALUES
(227, 'BRUNBÅGE 檯燈', '可調節且耐用的臂燈非常靈活，可讓你將光導到需要的地方。可照明需要的地方\r\n\r\n為找不到你的耳機而煩惱？把它掛在燈臂的掛鉤上，方便隨時取用\r\n\r\n備有4個不同色溫（2700K、3500K、4000K、5000K）和3種不同光線強度以供選擇\r\n\r\n將筆和其他小物品存放在筆架中，可使桌面保持整齊乾淨\r\n\r\n大多數智能手機都可以裝在手機架（帶或不帶手機殼），因此在進行視頻通話或看電影時可以使用雙手\r\n\r\n內建觸控式調光器，輕碰一下，就能開關電源和調光\r\n\r\n這條USB-C電線連接適用於大部分筆記型電腦', 5, 21, 5, 0, 0, 0, 579, 579, 100, NULL, NULL, NULL, NULL, '2025-01-27'),
(228, 'NYMÅNE 壁燈', '可調節且耐用的臂燈非常靈活，可讓你將光導到需要的地方。可照明需要的地方\r\n\r\n為找不到你的耳機而煩惱？把它掛在燈臂的掛鉤上，方便隨時取用\r\n\r\n備有4個不同色溫（2700K、3500K、4000K、5000K）和3種不同光線強度以供選擇\r\n\r\n將筆和其他小物品存放在筆架中，可使桌面保持整齊乾淨\r\n\r\n大多數智能手機都可以裝在手機架（帶或不帶手機殼），因此在進行視頻通話或看電影時可以使用雙手\r\n\r\n內建觸控式調光器，輕碰一下，就能開關電源和調光\r\n\r\n這條USB-C電線連接適用於大部分筆記型電腦', 5, 22, 6, 7, 11, 0, 829, 829, 200, NULL, NULL, NULL, NULL, '2025-01-27'),
(229, 'UPPLYST 壁燈', '可發放柔和光線幫助放鬆', 5, 22, 6, 30, 19, 8, 679, 679, 200, NULL, NULL, NULL, NULL, '2025-01-27'),
(230, 'SOLKLINT 壁燈', '可發放柔和光線幫助放鬆', 5, 22, 6, 16, 0, 17, 579, 579, 200, NULL, NULL, NULL, NULL, '2025-01-27'),
(231, 'NYMÅNE 壁燈', '經典設計，NYMÅNE燈具十分獨特，可混搭大部分的風格調性；搭配同系列不同燈具，可營造整體感', 5, 22, 6, 7, 15, 0, 529, 529, 200, NULL, NULL, NULL, NULL, '2025-01-27'),
(232, 'BLÅVINGAD 壁燈', '柔和的光線不會刺激小朋友的眼睛，可以當夜燈使用\r\n\r\n能和BLÅVINGAD系列的其他產品完美搭配', 5, 22, 6, 25, 7, 0, 379, 379, 120, NULL, NULL, NULL, NULL, '2025-01-27'),
(233, 'TARVA 單人床框', '耐用的實心松木材質，具有天然的紋理、色彩變化，每個產品都是獨一無二\r\n\r\n可上漆、染色、上蠟或上油，使表面更耐用，容易保養\r\n\r\n床底下可放收納盒，放置棉被和枕頭\r\n\r\n方便用吸塵器清潔床框底下，使下方空間保持乾淨\r\n\r\nLURÖY床底板條略帶弧度，幫助吸收體重並支撐身體；至於開放式的結構讓空氣流通，保持床墊乾爽', 6, 23, 18, 98, 32, 209, 2999, 2999, 800, NULL, NULL, NULL, NULL, '2025-01-27'),
(234, 'TARVA 單人加大床框', '耐用的實心松木材質，具有天然的紋理、色彩變化，每個產品都是獨一無二\r\n\r\n可上漆、染色、上蠟或上油，使表面更耐用，容易保養\r\n\r\n床底下可放收納盒，放置棉被和枕頭\r\n\r\n方便用吸塵器清潔床框底下，使下方空間保持乾淨\r\n\r\nLURÖY床底板條略帶弧度，幫助吸收體重並支撐身體；至於開放式的結構讓空氣流通，保持床墊乾爽', 6, 23, 18, 128, 32, 209, 3999, 3999, 1300, NULL, NULL, NULL, NULL, '2025-01-27'),
(235, 'TARVA 雙人床框', '可上漆、染色、上蠟或上油，使表面更耐用，容易保養\r\n\r\n耐用的實心松木材質，具有天然的紋理、色彩變化，每個產品都是獨一無二\r\n\r\n床底下可放收納盒，放置棉被和枕頭\r\n\r\n方便用吸塵器清潔床框底下，使下方空間保持乾淨\r\n\r\nLURÖY床底板條略帶弧度，幫助吸收體重並支撐身體；至於開放式的結構讓空氣流通，保持床墊乾爽', 6, 23, 18, 160, 32, 209, 4999, 4999, 1800, NULL, NULL, NULL, NULL, '2025-01-27'),
(236, 'MALM 雙人掀床', '床底下有儲物空間，可收納棉被、枕頭、衣物和燙衣板\r\n\r\n高床頭板設計，讓你可以舒適地坐在床上；只要在背部放數個枕頭，即享看書、看電視的舒適空間\r\n\r\n多功能床框，搭配紡織品和臥室家具都很美觀\r\n\r\n全靠嵌入式提升裝置，要提起取用物品也很輕鬆方便。簡單拉起帶子，床的底座即能順暢地升起', 6, 23, 18, 166, 27, 209, 12900, 12900, 3000, NULL, NULL, NULL, NULL, '2025-01-27'),
(237, 'BRUKSVARA 雙人床框', '如果想充分運用空間，可在高床框底下放置收納盒或抽屜\r\n\r\n可以搭配BRUKSVARA床底收納箱， 適合放置額外的被和枕頭\r\n\r\n有軟墊的床頭板，可讓你舒適地靠著閱讀或看電視\r\n\r\n金屬床腳不單堅固耐用，而且能提升睡床的個性\r\n\r\n床頭板的軟墊可以拆下來，方便你更改睡床的外觀', 6, 23, 18, 156, 88, 205, 5499, 5499, 1000, NULL, NULL, NULL, NULL, '2025-01-27'),
(238, 'ÅGOTNES 單人泡棉床墊', '採捲筒包裝，容易帶回家\r\n\r\n選擇一個你喜歡又能與床墊配合的枕頭，能提升睡眠的舒適感', 6, 24, 19, 90, 10, 200, 1999, 1999, 300, NULL, NULL, NULL, NULL, '2025-01-27'),
(239, 'VALEVÅG 雙人獨立筒彈簧床墊', '舒適區設計搭配獨立筒彈簧，提供全方位支撐與舒適體驗，助你一夜好眠\r\n\r\n5個舒適區塊能為你的臀部和肩膀提供極佳支撐，讓脊骨保持平直\r\n\r\n獨立筒彈簧各自受力，較不容易互相干擾，可隨著身體移動為脊椎和關節提供支撐\r\n\r\n連結式獨立筒彈簧結構，有效讓空氣流通，增加透氣度，即使並排放置2張床墊也不減舒適度\r\n\r\n頂層為厚海綿，觸感更柔軟\r\n\r\n絎縫彈力布料柔軟親膚，可貼合身體的動作，且額外帶有填充物，可提供更多緩衝\r\n\r\n採用邊緣加固設計，讓你坐或睡在邊緣時也不用擔心會滑落\r\n\r\n床墊提供10年品質保證；欲知更多細則，請參閱品質保證書\r\n\r\n床墊以綑捲式包裝，方便運送回家\r\n\r\n加一個適合你睡眠習慣的枕頭和床墊保護套，保持床墊乾淨衛生', 6, 24, 19, 150, 24, 200, 8999, 8999, 1300, NULL, NULL, NULL, NULL, '2025-01-27'),
(240, 'VALEVÅG 雙人獨立筒彈簧床墊', '舒適區設計搭配獨立筒彈簧，提供全方位支撐與舒適體驗，助你一夜好眠\r\n\r\n5個舒適區塊能為你的臀部和肩膀提供極佳支撐，讓脊骨保持平直\r\n\r\n獨立筒彈簧各自受力，較不容易互相干擾，可隨著身體移動為脊椎和關節提供支撐\r\n\r\n連結式獨立筒彈簧結構，有效讓空氣流通，增加透氣度，即使並排放置2張床墊也不減舒適度\r\n\r\n頂層為厚海綿，觸感更柔軟\r\n\r\n絎縫彈力布料柔軟親膚，可貼合身體的動作，且額外帶有填充物，可提供更多緩衝\r\n\r\n採用邊緣加固設計，讓你坐或睡在邊緣時也不用擔心會滑落\r\n\r\n床墊提供10年品質保證；欲知更多細則，請參閱品質保證書\r\n\r\n床墊以綑捲式包裝，方便運送回家\r\n\r\n加一個適合你睡眠習慣的枕頭和床墊保護套，保持床墊乾淨衛生', 6, 24, 19, 150, 28, 200, 12990, 12990, 3000, NULL, NULL, NULL, NULL, '2025-01-27'),
(241, 'VITMÅSEN 雙人獨立筒彈簧床墊含乳膠', '3公分厚的乳膠材質，能有效的釋放壓力，讓你更加輕鬆\r\n\r\n獨立筒彈簧能獨立移動，而舒適區則可提供既高硬度又舒適的支撐，滿足你的需要\r\n\r\n含5個舒適區塊，可提供精確的支撐，釋放肩部及臀部的壓力\r\n\r\n內含獨立袋裝彈簧，獨立受力。即使睡覺時經常翻身，也不會干擾身邊睡伴\r\n\r\n獨立袋裝彈簧設計有助空氣流通，保持舒適清涼體溫\r\n\r\n絎縫彈力面料觸感柔軟，睡覺時隨你的身體移動\r\n\r\n加強的邊緣使床墊結實均勻，坐在床邊也感到舒適\r\n\r\n床墊採用捲筒包裝, 方便攜帶回家，側邊附手把，方便搬動床墊\r\n\r\n使用軟墊外套的布料清潔劑或定期用吸塵器清潔以保持床墊光潔如新\r\n\r\n床墊提供10年品質保證；欲知更多細則，請參閱品質保證書', 6, 24, 19, 150, 25, 200, 14990, 14990, 4000, NULL, NULL, NULL, NULL, '2025-01-27'),
(242, 'BRUKSVARA 單人加大獨立筒彈簧床墊', '含獨立筒彈簧，分別包裝在不織布袋內，每個彈簧能個別受力，即使夜裡轉身多次，也不影響身旁夥伴\r\n\r\n獨立袋裝彈簧設計有助空氣流通，保持舒適清涼體溫\r\n\r\n袋裝彈簧能獨立移動並在你需要部位提供極佳的支撐\r\n\r\n頂層泡棉材質帶給你舒適的回彈感覺\r\n\r\n彈性面料，觸感柔軟，睡眠時能隨身體移動\r\n\r\n床墊採用捲筒包裝, 方便攜帶回家，側邊附手把，方便搬動床墊\r\n\r\n提供10年品質保證；欲知更多細則，請參閱品質保證書', 6, 24, 19, 105, 16, 190, 4999, 4999, 1000, NULL, NULL, NULL, NULL, '2025-01-27'),
(243, 'TAGGVALLMO 單人床包', '聚酯纖維和棉混紡，不易縮水和弄皺\r\n\r\n邊緣有鬆緊帶，適用厚度16公分以下床墊', 6, 25, 20, 0, 0, 0, 199, 199, 10, NULL, NULL, NULL, NULL, '2025-01-27'),
(244, 'ULLVIDE 雙人床包', '棉與萊賽爾纖維(Lyocell)混紡織成，可吸收和排除濕氣，保持整夜乾爽\r\n\r\n細紗線密織而成，質感柔軟又耐用\r\n\r\n彈性邊緣適合套在厚達26公分的床墊上。', 6, 25, 20, 0, 0, 0, 799, 799, 200, NULL, NULL, NULL, NULL, '2025-01-27'),
(245, 'SMÅSPORRE 單人四季被', '可用洗衣機以60°C水溫洗滌(這種溫度才能殺死塵蟎)\r\n\r\n纖維柔軟、輕盈，具有厚度和保暖特性，讓身體呼吸，整晚維持均溫的睡眠環境', 6, 25, 20, 0, 0, 0, 1299, 1299, 400, NULL, NULL, NULL, NULL, '2025-01-27'),
(246, 'STJÄRNBRÄCKA 雙人四季被', '萊賽爾纖維透氣度高，同時可吸除濕氣，讓你體驗舒適、乾爽的睡眠\r\n\r\n可用洗衣機以60°C水溫洗滌(這種溫度才能殺死塵蟎)', 6, 25, 20, 0, 0, 0, 3799, 3799, 1000, NULL, NULL, NULL, NULL, '2025-01-27'),
(247, 'KLUBBSPORRE 人體工學枕', '布套可拆下用洗衣機洗滌，容易保持乾淨和新穎\r\n\r\n偏硬的高枕，適合習慣仰睡或側睡的你使用\r\n\r\n柔軟表布可透氣，排除濕氣\r\n\r\n可提供兩種舒適體驗，一面是緩衝泡棉，另一面是涼爽凝膠\r\n\r\n記憶泡棉可貼合頭部、肩頸部，有效釋放壓力；枕心有透氣孔，可使空氣流通，排除濕氣，維持恆溫\r\n\r\n含凝膠層，可提供涼爽、舒適的枕面\r\n\r\n記憶泡棉和凝膠層採用相同材料製成，但是密度不同，各具特色', 6, 25, 20, 70, 13, 41, 1499, 1499, 300, NULL, NULL, NULL, NULL, '2025-01-27'),
(248, 'ROSENSKÄRM 人體工學枕', '如果你習慣側睡，可使用高的一側；如果你習慣仰睡，適合矮的一側；如果你經常改變睡姿，可轉動方向，選擇適合自己的一面\r\n\r\n不會太硬，也不會太軟；含一層柔軟的泡棉和一層密實的泡棉，可為頭頸部提供適當支撐，讓你感到舒適\r\n\r\n含記憶泡棉，可貼合身形，有效釋放頭部、肩頸部的壓力；無論房間溫度高低，皆可提供良好支撐\r\n\r\n適合仰睡或側睡\r\n\r\n柔軟表布可透氣，排除濕氣\r\n\r\n表布可用洗衣機以60°C水溫洗滌(這種溫度才能殺死塵蟎)，使枕頭保持乾淨、清爽', 6, 25, 20, 50, 11, 33, 499, 499, 100, NULL, NULL, NULL, NULL, '2025-01-27'),
(249, 'BARLAST Led吸頂燈', '經測試驗證，適用於浴室\r\n\r\n可提供擴散式燈光，適合做為室內用普照式照明', 5, 19, 11, 25, 6.7, 0, 299, 299, 80, NULL, NULL, NULL, NULL, '2025-01-27'),
(250, 'STOFTMOLN Led吸頂燈', '可安裝在天花板和牆壁 上\r\n\r\n可無線調光，容易依不同需求調整燈光\r\n\r\n散發柔和的一般光源\r\n\r\n調暗燈光，可轉換房間的氣氛，又可節能', 5, 19, 11, 24, 6, 0, 499, 499, 120, NULL, NULL, NULL, NULL, '2025-01-27'),
(251, 'FRIHULT 吸頂燈', '可使用智能燈泡，營造舒適的浴室氛圍\r\n\r\n經測試驗證，適用於浴室\r\n\r\n傳統風格設計，以防鏽材質製成\r\n\r\n附玻璃燈罩，可提供普照性光源，把光線均勻散佈至每個角落', 5, 19, 11, 16, 19, 0, 499, 499, 120, NULL, NULL, NULL, NULL, '2025-01-27'),
(252, 'REGNSKUR 吸頂燈', '利用布藝燈罩帶出散射的裝飾光線，讓居家增添柔和舒適的感覺\r\n\r\n燈罩易於拆卸和可機洗\r\n\r\n採用平整包裝，容易帶回家', 5, 19, 11, 48, 17, 0, 729, 729, 220, NULL, NULL, NULL, NULL, '2025-01-27'),
(253, 'VIRRMO Led吸頂燈', '散發柔和的一般光源\r\n\r\n使用LED燈泡，相較於白熾燈泡，可節省85%耗電量，壽命卻是白熾燈泡的10倍', 5, 19, 11, 36, 7.6, 0, 999, 999, 320, NULL, NULL, NULL, NULL, '2025-01-27'),
(255, 'ANGERSBY 雙人座沙發', '以節省空間方式包裝，容易運送和帶回家\r\n\r\n扶手側邊有實用的收納隔層，可放置遙控器和小物品', 4, 17, 9, 137, 89, 84, 5999, 5999, 2500, NULL, NULL, NULL, NULL, '2025-02-01'),
(256, 'RULLERUM 雙人座沙發附電動躺椅', '沙發的椅背較高，且提供腰部支撐，讓你全身放鬆，即使久坐也很舒適。\r\n扶手椅框和躺椅模組分別有10年和5年的品質保證。\r\n沙發和躺椅二合為一，以產業用物料製造，加上內置電動躺椅裝置，任何時刻都給你好享受', 4, 17, 9, 184, 98, 94, 24900, 24900, 15000, NULL, NULL, NULL, NULL, '2025-02-01'),
(257, 'HEMLINGBY 雙人座沙發', '精巧外形，容易搭配佈置，適合小空間使用', 4, 17, 9, 145, 72, 72, 4799, 4799, NULL, NULL, NULL, NULL, NULL, '2025-02-01'),
(258, 'SKÖNABÄCK 雙人座沙發床', '布套以Knisa原液染色聚酯纖維製造，耐用物料，觸感柔軟\r\n\r\n舒適誘人的沙發床，隱藏著出色功能，將收納和睡眠空間合二為一', 4, 17, 9, 158, 74, 51, 8990, 8990, 6900, NULL, NULL, NULL, NULL, '2025-02-02'),
(259, 'HYLTARP 雙人座沙發', '精湛的工藝，加上完美的尺寸考量，讓沙發隨時都能展示最好的一面\r\n\r\n高回彈泡棉柔軟舒適，獨立筒彈簧則可為身體提供貼身承托，讓你隨意坐臥閒聊', 4, 17, 9, 93, 91, 182, 16900, 16900, 14000, NULL, NULL, NULL, NULL, '2025-02-02'),
(260, 'TORALD/SMÄLLEN 書桌及椅子', '經測試，適合日常使用，符合EN 12521及EN 1730的耐用和穩定性標準', 3, 11, 14, 79, 37, 42, 1348, 1348, 600, NULL, NULL, NULL, NULL, '2025-02-03'),
(261, 'TERTIAL 檯燈/閱讀燈/工作燈', '檯燈, 閱讀燈, 工作燈', 5, 21, 5, 56, 12, 17, 349, 349, 200, NULL, NULL, NULL, NULL, '2025-02-03');

-- --------------------------------------------------------

--
-- 資料表結構 `productcolors`
--

CREATE TABLE `productcolors` (
  `colorsid` int(11) NOT NULL,
  `productid` int(11) DEFAULT NULL,
  `colorname` varchar(50) DEFAULT NULL,
  `stock` int(11) NOT NULL,
  `minstock` int(11) DEFAULT NULL,
  `updateat` date DEFAULT NULL
) ENGINE=InnoDB DEFAULT CHARSET=utf8mb4 COLLATE=utf8mb4_general_ci;

--
-- 傾印資料表的資料 `productcolors`
--

INSERT INTO `productcolors` (`colorsid`, `productid`, `colorname`, `stock`, `minstock`, `updateat`) VALUES
(1, 1, '白色', 30, 10, '2025-02-02'),
(2, 2, '白色', 30, 10, '2025-01-26'),
(3, 3, '白色', 30, 10, '2025-01-26'),
(4, 3, '棕色', 30, 10, '2025-01-26'),
(5, 5, '松木/黑色', 30, 10, '2025-01-26'),
(6, 6, '淺米色', 30, 10, '2025-01-26'),
(7, 7, '白色', 30, 10, '2025-01-26'),
(8, 7, '米色', 30, 10, '2025-01-26'),
(9, 9, '深棕色', 30, 10, '2025-01-26'),
(10, 10, '深棕色', 30, 10, '2025-01-26'),
(11, 11, '白色', 30, 10, '2025-01-26'),
(12, 9, '白色', 30, 10, '2025-01-26'),
(13, 13, '白色', 30, 10, '2025-01-26'),
(14, 14, '白色', 30, 10, '2025-01-26'),
(15, 15, '白色', 30, 10, '2025-01-26'),
(16, 16, '白色', 30, 10, '2025-01-26'),
(17, 17, '竹', 30, 10, '2025-01-26'),
(18, 18, '黑棕色', 30, 10, '2025-01-26'),
(19, 19, '黑棕色', 30, 10, '2025-01-26'),
(20, 20, '白色', 30, 10, '2025-01-26'),
(21, 21, '白色', 30, 10, '2025-01-26'),
(22, 21, '橡木紋', 30, 10, '2025-01-26'),
(23, 23, '白色', 30, 10, '2025-01-26'),
(24, 23, '橡木紋', 30, 10, '2025-01-26'),
(25, 25, '白色', 30, 10, '2025-01-26'),
(26, 26, '白色', 30, 10, '2025-01-26'),
(27, 27, '白色', 30, 10, '2025-01-26'),
(28, 28, '白色', 30, 10, '2025-01-26'),
(29, 29, '橡木', 30, 10, '2025-01-26'),
(30, 30, '白色', 30, 10, '2025-01-26'),
(31, 30, '橡木', 30, 10, '2025-01-26'),
(32, 32, '白色', 30, 10, '2025-01-26'),
(33, 33, '白色', 30, 10, '2025-01-26'),
(34, 34, '白色', 30, 10, '2025-01-26'),
(35, 35, '黑色', 30, 10, '2025-01-26'),
(36, 36, '白色', 30, 10, '2025-01-26'),
(37, 37, '棕色', 30, 10, '2025-01-26'),
(38, 38, '白色', 30, 10, '2025-01-26'),
(39, 39, '白色', 30, 10, '2025-01-26'),
(40, 40, '白色', 30, 10, '2025-01-26'),
(41, 41, '白色', 30, 10, '2025-01-26'),
(42, 42, '白色', 30, 10, '2025-01-26'),
(43, 43, '白色', 30, 10, '2025-01-26'),
(44, 44, '白色', 30, 10, '2025-01-26'),
(45, 45, '白色', 30, 10, '2025-01-26'),
(46, 46, '白色', 30, 10, '2025-01-26'),
(47, 47, '白色', 30, 10, '2025-01-26'),
(48, 48, '白色', 30, 10, '2025-01-26'),
(49, 49, '黑色', 30, 10, '2025-01-26'),
(50, 49, '白色', 30, 10, '2025-01-26'),
(51, 51, '白色', 30, 10, '2025-01-26'),
(52, 52, '白色/竹編', 30, 10, '2025-01-26'),
(53, 53, '白色', 30, 10, '2025-01-26'),
(54, 54, '白色', 30, 10, '2025-01-26'),
(55, 55, '白色', 30, 10, '2025-01-26'),
(56, 56, '橡木紋/透明玻璃', 30, 10, '2025-01-26'),
(57, 57, '棕色 胡桃木紋', 30, 10, '2025-01-26'),
(58, 58, '橡木紋', 30, 10, '2025-01-26'),
(59, 59, '白色', 30, 10, '2025-01-26'),
(60, 60, '黑色/實木貼皮, 橡木', 30, 10, '2025-01-26'),
(61, 61, '樺木紋', 30, 10, '2025-01-26'),
(62, 62, '黑色', 30, 10, '2025-01-26'),
(63, 63, '白色', 30, 10, '2025-01-26'),
(64, 63, '米色', 30, 10, '2025-01-26'),
(65, 65, '白色', 30, 10, '2025-01-26'),
(66, 66, '白色', 30, 10, '2025-01-26'),
(67, 66, '深棕色', 30, 10, '2025-01-26'),
(68, 68, '黑色/實木貼皮, 橡木 棕色', 30, 10, '2025-01-26'),
(69, 69, '灰棕色', 30, 10, '2025-01-26'),
(70, 70, '淺灰色', 30, 10, '2025-01-26'),
(71, 71, '淺乳白色', 30, 10, '2025-01-26'),
(72, 72, '棕色 染色橡木面板', 30, 10, '2025-01-26'),
(73, 73, '白色', 30, 10, '2025-01-26'),
(74, 74, '白色', 30, 10, '2025-01-26'),
(75, 74, '黑藍色', 30, 10, '2025-01-26'),
(76, 76, '實木貼皮, 橡木', 30, 10, '2025-01-26'),
(77, 77, '白色/深灰色', 30, 10, '2025-01-26'),
(78, 78, '白色/深灰色', 30, 10, '2025-01-26'),
(79, 77, '梣木', 30, 10, '2025-01-26'),
(80, 77, '藤編', 30, 10, '2025-01-26'),
(81, 81, '白色', 30, 10, '2025-01-26'),
(82, 77, '白色', 30, 10, '2025-01-26'),
(83, 78, '白色/淺灰色', 30, 10, '2025-01-26'),
(84, 78, '白色/淺古銅色', 30, 10, '2025-01-26'),
(85, 77, '淺古銅色', 30, 10, '2025-01-26'),
(86, 77, '米色', 30, 10, '2025-01-26'),
(87, 78, '白色/淺灰色', 30, 10, '2025-01-26'),
(88, 88, '白色', 30, 10, '2025-01-26'),
(89, 77, '深灰色', 30, 10, '2025-01-26'),
(90, 77, '白色/淺灰色', 30, 10, '2025-01-26'),
(91, 91, '深棕色 ', 30, 10, '2025-01-26'),
(92, 92, '黑棕色', 30, 10, '2025-01-26'),
(93, 93, '白色', 30, 10, '2025-01-26'),
(94, 94, '白色', 30, 10, '2025-01-26'),
(95, 95, '白色', 30, 10, '2025-01-26'),
(96, 96, '黑棕色', 30, 10, '2025-01-26'),
(97, 97, '碳黑色', 30, 10, '2025-01-26'),
(98, 98, '碳黑色', 30, 10, '2025-01-26'),
(99, 99, '白色', 30, 10, '2025-01-26'),
(100, 100, '白色', 30, 10, '2025-01-26'),
(101, 101, '白色', 30, 10, '2025-01-26'),
(102, 102, '鏡面/鏡面', 30, 10, '2025-01-26'),
(103, 103, '鏡面/鏡面', 30, 10, '2025-01-26'),
(104, 104, '實木貼皮 梣木', 30, 10, '2025-01-26'),
(105, 105, '黑色', 30, 10, '2025-01-26'),
(106, 106, '淺棕色/染白色', 30, 10, '2025-01-26'),
(107, 107, '白色', 30, 10, '2025-01-26'),
(108, 108, '相思木/黑色', 30, 10, '2025-01-26'),
(109, 109, '淺色竹', 30, 10, '2025-01-26'),
(110, 110, '仿石紋 石英石/竹', 30, 10, '2025-01-26'),
(111, 111, '實木貼皮, 橡木/白色', 30, 10, '2025-01-26'),
(112, 112, '黑色', 30, 10, '2025-01-26'),
(113, 113, '白色', 30, 10, '2025-01-26'),
(114, 114, '棕色', 30, 10, '2025-01-26'),
(115, 115, '淺棕色/染白色', 30, 10, '2025-01-26'),
(116, 116, '仿古染色', 30, 10, '2025-01-26'),
(117, 117, '淺棕色/紅色', 30, 10, '2025-01-26'),
(118, 118, '棕色 櫸木/實木貼皮', 30, 10, '2025-01-26'),
(119, 119, '灰色', 30, 10, '2025-01-26'),
(120, 120, '相思木', 30, 10, '2025-01-26'),
(121, 121, '黑色', 30, 10, '2025-01-26'),
(122, 122, '黑色', 30, 10, '2025-01-26'),
(123, 123, '淺棕色/染白色', 30, 10, '2025-01-26'),
(124, 124, '黑色/松木 淺棕色', 30, 10, '2025-01-26'),
(125, 125, '黑色/松木 淺棕色', 30, 10, '2025-01-26'),
(126, 126, '黑色/玻璃 黑色', 30, 10, '2025-01-26'),
(127, 127, '黑色/玻璃 黑色', 30, 10, '2025-01-26'),
(128, 128, '白色', 30, 10, '2025-01-26'),
(129, 128, '淺黃色', 30, 10, '2025-01-26'),
(130, 130, '米色', 30, 10, '2025-01-26'),
(131, 131, '實木貼皮, 樺木', 30, 10, '2025-01-26'),
(132, 131, '黑色', 30, 10, '2025-01-26'),
(133, 133, '黑色', 30, 10, '2025-01-26'),
(134, 134, '黑色', 30, 10, '2025-01-26'),
(135, 135, '碳黑色', 30, 10, '2025-01-26'),
(136, 136, '碳黑色', 30, 10, '2025-01-27'),
(137, 137, '白色', 30, 10, '2025-01-27'),
(138, 138, '深灰綠色', 30, 10, '2025-01-27'),
(139, 138, '白色', 30, 10, '2025-01-27'),
(140, 138, '深米灰色', 30, 10, '2025-01-27'),
(141, 141, '淺棕色', 30, 10, '2025-01-27'),
(142, 142, '相思木', 30, 10, '2025-01-27'),
(143, 143, '深棕色', 30, 10, '2025-01-27'),
(144, 144, '染白色/橡木紋', 30, 10, '2025-01-27'),
(145, 145, '白色', 30, 10, '2025-01-27'),
(146, 145, '染白色/橡木紋', 30, 10, '2025-01-27'),
(147, 144, '白色', 30, 10, '2025-01-27'),
(148, 148, '竹/白色', 30, 10, '2025-01-27'),
(149, 148, '竹/深灰色', 30, 10, '2025-01-27'),
(150, 150, '竹/白色', 30, 10, '2025-01-27'),
(151, 151, '竹/白色', 30, 10, '2025-01-27'),
(152, 152, '黑色', 30, 10, '2025-01-27'),
(153, 153, '白色', 30, 10, '2025-01-27'),
(154, 154, '黑色', 30, 10, '2025-01-27'),
(155, 155, '籐製', 30, 10, '2025-01-27'),
(156, 156, '白色', 30, 10, '2025-01-27'),
(157, 156, '米色', 30, 10, '2025-01-27'),
(158, 158, '染白色/淺棕色', 30, 10, '2025-01-27'),
(159, 159, '棕色', 30, 10, '2025-01-27'),
(160, 160, '白色', 30, 10, '2025-01-27'),
(161, 161, '染白色/橡木紋 白色', 30, 10, '2025-01-27'),
(162, 162, '染白橡木紋/白色', 30, 10, '2025-01-27'),
(163, 163, '白色/染白橡木紋', 30, 10, '2025-01-27'),
(164, 164, '樺木/白色', 30, 10, '2025-01-27'),
(165, 165, '白色', 30, 10, '2025-01-27'),
(166, 166, '白色', 30, 10, '2025-01-27'),
(167, 167, '白色', 30, 10, '2025-01-27'),
(168, 168, '棕色/米色', 30, 10, '2025-01-27'),
(169, 169, '白色', 30, 10, '2025-01-27'),
(170, 170, '白色', 30, 10, '2025-01-27'),
(171, 171, '胡桃木/黑色', 30, 10, '2025-01-27'),
(172, 172, '橡木/白色', 30, 10, '2025-01-27'),
(173, 171, '橡木/白色', 30, 10, '2025-01-27'),
(174, 174, '相思木', 30, 10, '2025-01-27'),
(175, 175, '灰綠色', 30, 10, '2025-01-27'),
(176, 176, '淺灰色', 30, 10, '2025-01-27'),
(177, 176, '白色', 30, 10, '2025-01-27'),
(178, 178, '仿古染色', 30, 10, '2025-01-27'),
(179, 178, '白色', 30, 10, '2025-01-27'),
(180, 180, '棕黑色', 30, 10, '2025-01-27'),
(181, 181, '淺灰色', 30, 10, '2025-01-27'),
(182, 182, '白色', 30, 10, '2025-01-27'),
(183, 182, '黑色', 30, 10, '2025-01-27'),
(184, 184, '黑色', 30, 10, '2025-01-27'),
(185, 185, '淺米色', 30, 10, '2025-01-27'),
(186, 184, '金棕色', 30, 10, '2025-01-27'),
(187, 187, '灰色', 30, 10, '2025-01-27'),
(188, 187, '米色', 30, 10, '2025-01-27'),
(189, 189, '黑色', 30, 10, '2025-01-27'),
(190, 190, '黑色', 30, 10, '2025-01-27'),
(191, 190, '灰色', 30, 10, '2025-01-27'),
(192, 190, '米色', 30, 10, '2025-01-27'),
(193, 189, '米色', 30, 10, '2025-01-27'),
(194, 194, '黑色', 30, 10, '2025-01-27'),
(195, 195, '淺灰色', 30, 10, '2025-01-27'),
(196, 195, '黑色', 30, 10, '2025-01-27'),
(197, 197, '深灰色', 30, 10, '2025-01-27'),
(198, 198, '深灰色', 30, 10, '2025-01-27'),
(199, 199, '黑色', 30, 10, '2025-01-27'),
(200, 200, '黑色', 30, 10, '2025-01-27'),
(201, 201, '白色', 30, 10, '2025-01-27'),
(202, 201, '黑色', 30, 10, '2025-01-27'),
(203, 203, '黑色', 30, 10, '2025-01-27'),
(204, 204, '米色', 30, 10, '2025-01-27'),
(205, 204, '深綠色', 30, 10, '2025-01-27'),
(206, 206, '灰色', 30, 10, '2025-01-27'),
(207, 207, '灰米色', 29, 10, '2025-01-27'),
(208, 208, '彩色', 30, 10, '2025-01-27'),
(209, 209, '深灰色', 30, 10, '2025-01-27'),
(210, 209, '藍色', 30, 10, '2025-01-27'),
(211, 211, '灰色', 30, 10, '2025-01-27'),
(212, 211, '米色', 30, 10, '2025-01-27'),
(213, 213, '灰米色', 30, 10, '2025-01-27'),
(214, 214, '灰色', 30, 10, '2025-01-27'),
(215, 215, '米色', 30, 10, '2025-01-27'),
(216, 216, '米色', 30, 10, '2025-01-27'),
(217, 217, '米色', 30, 10, '2025-01-27'),
(218, 218, '淺米色', 30, 10, '2025-01-27'),
(219, 219, '米色', 30, 10, '2025-01-27'),
(220, 220, '米色', 30, 10, '2025-01-27'),
(221, 221, '白色/樺木', 30, 10, '2025-01-27'),
(222, 222, '白色', 30, 10, '2025-01-27'),
(223, 223, '藍色', 30, 10, '2025-01-27'),
(224, 224, '白色', 30, 10, '2025-01-27'),
(225, 225, '鍍鎳', 30, 10, '2025-01-27'),
(226, 226, '白色', 30, 10, '2025-01-27'),
(227, 227, '土耳其藍', 30, 10, '2025-01-27'),
(228, 228, '白色', 30, 10, '2025-01-27'),
(229, 229, '白色', 30, 10, '2025-01-27'),
(230, 230, '透明玻璃', 30, 10, '2025-01-27'),
(231, 231, '白色', 30, 10, '2025-01-27'),
(232, 232, '綠色', 30, 10, '2025-01-27'),
(233, 233, '松木', 30, 10, '2025-01-27'),
(234, 234, '松木', 30, 10, '2025-01-27'),
(235, 235, '松木', 30, 10, '2025-01-27'),
(236, 236, '白色', 30, 10, '2025-01-27'),
(237, 237, '白色', 30, 10, '2025-01-27'),
(238, 238, '硬', 30, 10, '2025-01-27'),
(239, 239, '高硬', 30, 10, '2025-01-27'),
(240, 240, '高硬', 30, 10, '2025-01-27'),
(241, 241, '高硬', 30, 10, '2025-01-27'),
(242, 242, '高硬', 30, 10, '2025-01-27'),
(243, 243, '白色', 30, 10, '2025-01-27'),
(244, 244, '灰色', 30, 10, '2025-01-27'),
(245, 245, '白色', 30, 10, '2025-01-27'),
(246, 246, '白色', 30, 10, '2025-01-27'),
(247, 247, '白色', 30, 10, '2025-01-27'),
(248, 248, '白色', 30, 10, '2025-01-27'),
(249, 249, '白色', 30, 10, '2025-01-27'),
(250, 250, '白色', 30, 10, '2025-01-27'),
(251, 251, '不鏽鋼色', 30, 10, '2025-01-27'),
(252, 252, '白色', 30, 10, '2025-01-27'),
(253, 253, '鍍鎳', 30, 10, '2025-01-27'),
(254, 255, '淺灰色', 15, 5, '2025-02-01'),
(255, 256, '深灰棕色', 32, 10, '2025-02-01'),
(256, 256, '米色', 28, 10, '2025-02-01'),
(257, 256, '金棕色', 47, 10, '2025-02-01'),
(260, 257, '深灰色', 79, 10, '2025-02-02'),
(261, 257, '黑色', 24, 10, '2025-02-02'),
(262, 258, '深灰色', 55, 10, '2025-02-02'),
(263, 258, '黃綠色', 10, 10, '2025-02-02'),
(264, 258, '亮藍色', 5, 10, '2025-02-02'),
(265, 259, '自然色', 4, 10, '2025-02-02'),
(266, 259, '灰棕色', 1, 10, '2025-02-02'),
(267, 260, '白色/黑色', 40, 10, '2025-02-03'),
(268, 261, '白色', 63, 10, '2025-02-03'),
(269, 261, '深灰色', 41, 10, '2025-02-03');

-- --------------------------------------------------------

--
-- 資料表結構 `productimages`
--

CREATE TABLE `productimages` (
  `imageid` int(11) NOT NULL,
  `productid` int(11) DEFAULT NULL,
  `colorsid` int(11) DEFAULT NULL,
  `imageurl` varchar(1000) DEFAULT NULL,
  `isprimary` tinyint(1) DEFAULT NULL,
  `updatedat` date DEFAULT NULL
) ENGINE=InnoDB DEFAULT CHARSET=utf8mb4 COLLATE=utf8mb4_general_ci;

--
-- 傾印資料表的資料 `productimages`
--

INSERT INTO `productimages` (`imageid`, `productid`, `colorsid`, `imageurl`, `isprimary`, `updatedat`) VALUES
(1, 1, 1, 'https://www.ikea.com.tw/dairyfarm/tw/images/406/0140624_PE300605_S4.webp', 1, '2025-02-02'),
(2, 1, 1, 'https://www.ikea.com.tw/dairyfarm/tw/images/964/0796451_PE766373_S4.webp', 0, '2025-02-02'),
(3, 1, 1, 'https://www.ikea.com.tw/dairyfarm/tw/images/874/0787411_PE763244_S4.webp', 0, '2025-02-02'),
(4, 2, 2, 'https://www.ikea.com.tw/dairyfarm/tw/images/767/0176787_PE329567_S4.webp', 1, '2025-01-26'),
(5, 2, 2, 'https://www.ikea.com.tw/dairyfarm/tw/images/469/0746976_PE744295_S4.webp', 0, '2025-01-26'),
(6, 2, 2, 'https://www.ikea.com.tw/dairyfarm/tw/images/874/0787429_PE763245_S4.webp', 0, '2025-01-26'),
(7, 3, 3, 'https://www.ikea.com.tw/dairyfarm/tw/images/788/1178845_PE895737_S4.webp', 1, '2025-01-26'),
(8, 3, 3, 'https://www.ikea.com.tw/dairyfarm/tw/images/908/1190873_PE900343_S4.webp', 0, '2025-01-26'),
(9, 3, 3, 'https://www.ikea.com.tw/dairyfarm/tw/images/788/1178888_PE895764_S4.webp', 0, '2025-01-26'),
(10, 3, 4, 'https://www.ikea.com.tw/dairyfarm/tw/images/959/1195913_PE902652_S4.webp', 1, '2025-01-26'),
(11, 3, 4, 'https://www.ikea.com.tw/dairyfarm/tw/images/941/1194182_PE901855_S4.webp', 0, '2025-01-26'),
(12, 3, 4, 'https://www.ikea.com.tw/dairyfarm/tw/images/788/1178888_PE895764_S4.webp', 0, '2025-01-26'),
(13, 5, 5, 'https://www.ikea.com.tw/dairyfarm/tw/images/360/1336029_PE947273_S4.webp', 1, '2025-01-26'),
(14, 5, 5, 'https://www.ikea.com.tw/dairyfarm/tw/images/671/1367139_PE957258_S4.webp', 0, '2025-01-26'),
(15, 5, 5, 'https://www.ikea.com.tw/dairyfarm/tw/images/212/1321241_PE941568_S4.webp', 0, '2025-01-26'),
(16, 6, 6, 'https://www.ikea.com.tw/dairyfarm/tw/images/239/0923964_PE788459_S4.webp', 1, '2025-01-26'),
(17, 6, 6, 'https://www.ikea.com.tw/dairyfarm/tw/images/397/0939784_PE794701_S4.webp', 0, '2025-01-26'),
(18, 6, 6, 'https://www.ikea.com.tw/dairyfarm/tw/images/468/0946831_PE798277_S4.webp', 0, '2025-01-26'),
(19, 7, 7, 'https://www.ikea.com.tw/dairyfarm/tw/images/987/0898797_PE782657_S4.webp', 1, '2025-01-26'),
(20, 7, 7, 'https://www.ikea.com.tw/dairyfarm/tw/images/500/0950056_PE800134_S4.webp', 0, '2025-01-26'),
(21, 7, 7, 'https://www.ikea.com.tw/dairyfarm/tw/images/481/0948172_PE798892_S4.webp', 0, '2025-01-26'),
(22, 7, 8, 'https://www.ikea.com.tw/dairyfarm/tw/images/490/0949021_PE799474_S4.webp', 1, '2025-01-26'),
(23, 7, 8, 'https://www.ikea.com.tw/dairyfarm/tw/images/777/0977721_PE813901_S4.webp', 0, '2025-01-26'),
(24, 7, 8, 'https://www.ikea.com.tw/dairyfarm/tw/images/commons/1613554942_10456914_S4.webp', 0, '2025-01-26'),
(25, 9, 9, 'https://www.ikea.com.tw/dairyfarm/tw/images/988/0898867_PE782671_S4.webp', 1, '2025-01-26'),
(26, 9, 9, 'https://www.ikea.com.tw/dairyfarm/tw/images/317/0931757_PE791234_S4.webp', 0, '2025-01-26'),
(27, 9, 9, 'https://www.ikea.com.tw/dairyfarm/tw/images/631/0963100_PE808298_S4.webp', 0, '2025-01-26'),
(28, 10, 10, 'https://www.ikea.com.tw/dairyfarm/tw/images/988/0898845_PE782660_S4.webp', 1, '2025-01-26'),
(29, 10, 10, 'https://www.ikea.com.tw/dairyfarm/tw/images/317/0931741_PE791218_S4.webp', 0, '2025-01-26'),
(30, 10, 10, 'https://www.ikea.com.tw/dairyfarm/tw/images/410/1241031_PE919631_S4.webp', 0, '2025-01-26'),
(31, 11, 11, 'https://www.ikea.com.tw/dairyfarm/tw/images/988/0898873_PE782674_S4.webp', 1, '2025-01-26'),
(32, 11, 11, 'https://www.ikea.com.tw/dairyfarm/tw/images/317/0931764_PE791241_S4.webp', 0, '2025-01-26'),
(33, 11, 11, 'https://www.ikea.com.tw/dairyfarm/tw/images/515/0951525_PE801266_S4.webp', 0, '2025-01-26'),
(34, 9, 12, 'https://www.ikea.com.tw/dairyfarm/tw/images/988/0898869_PE782672_S4.webp', 1, '2025-01-26'),
(35, 9, 12, 'https://www.ikea.com.tw/dairyfarm/tw/images/317/0931759_PE791236_S4.webp', 0, '2025-01-26'),
(36, 9, 12, 'https://www.ikea.com.tw/dairyfarm/tw/images/631/0963100_PE808298_S4.webp', 0, '2025-01-26'),
(37, 13, 13, 'https://www.ikea.com.tw/dairyfarm/tw/images/988/0898847_PE782661_S4.webp', 1, '2025-01-26'),
(38, 13, 13, 'https://www.ikea.com.tw/dairyfarm/tw/images/317/0931743_PE791220_S4.webp', 0, '2025-01-26'),
(39, 13, 13, 'https://www.ikea.com.tw/dairyfarm/tw/images/410/1241031_PE919631_S4.webp', 0, '2025-01-26'),
(40, 14, 14, 'https://www.ikea.com.tw/dairyfarm/tw/images/535/0753594_PE748782_S4.webp', 1, '2025-01-26'),
(41, 14, 14, 'https://www.ikea.com.tw/dairyfarm/tw/images/762/1276202_PH170507_S4.webp', 0, '2025-01-26'),
(42, 14, 14, 'https://www.ikea.com.tw/dairyfarm/tw/images/897/0789783_PE764172_S4.webp', 0, '2025-01-26'),
(43, 15, 15, 'https://www.ikea.com.tw/dairyfarm/tw/images/235/0823547_PE775917_S4.webp', 1, '2025-01-26'),
(44, 15, 15, 'https://www.ikea.com.tw/dairyfarm/tw/images/762/1276204_PH192051_S4.webp', 0, '2025-01-26'),
(45, 15, 15, 'https://www.ikea.com.tw/dairyfarm/tw/images/774/1377488_PE960910_S4.webp', 0, '2025-01-26'),
(46, 16, 16, 'https://www.ikea.com.tw/dairyfarm/tw/images/333/0733324_PE748781_S4.webp', 1, '2025-01-26'),
(47, 16, 16, 'https://www.ikea.com.tw/dairyfarm/tw/images/333/0733323_PE748780_S4.webp', 0, '2025-01-26'),
(48, 16, 16, 'https://www.ikea.com.tw/dairyfarm/tw/images/573/1357303_PE953508_S4.webp', 0, '2025-01-26'),
(49, 17, 17, 'https://www.ikea.com.tw/dairyfarm/tw/images/560/0756084_PE748766_S4.webp', 1, '2025-01-26'),
(50, 17, 17, 'https://www.ikea.com.tw/dairyfarm/tw/images/136/0813677_PH165857_S4.webp', 0, '2025-01-26'),
(51, 17, 17, 'https://www.ikea.com.tw/dairyfarm/tw/images/897/0789785_PE764174_S4.webp', 0, '2025-01-26'),
(52, 18, 18, 'https://www.ikea.com.tw/dairyfarm/tw/images/239/0823992_PE776023_S4.webp', 1, '2025-01-26'),
(53, 18, 18, 'https://www.ikea.com.tw/dairyfarm/tw/images/239/0823993_PE776024_S4.webp', 0, '2025-01-26'),
(54, 18, 18, 'https://www.ikea.com.tw/dairyfarm/tw/images/commons/1604383294_40453768_S4.webp', 0, '2025-01-26'),
(55, 19, 19, 'https://www.ikea.com.tw/dairyfarm/tw/images/239/0823987_PE776018_S4.webp', 1, '2025-01-26'),
(56, 19, 19, 'https://www.ikea.com.tw/dairyfarm/tw/images/239/0823988_PE776019_S4.webp', 0, '2025-01-26'),
(57, 19, 19, 'https://www.ikea.com.tw/dairyfarm/tw/images/897/0789783_PE764172_S4.webp', 0, '2025-01-26'),
(58, 20, 20, 'https://www.ikea.com.tw/dairyfarm/tw/images/551/0555120_PE660185_S4.webp', 1, '2025-01-26'),
(59, 20, 20, 'https://www.ikea.com.tw/dairyfarm/tw/images/586/1358621_PE953903_S4.webp', 0, '2025-01-26'),
(60, 20, 20, 'https://www.ikea.com.tw/dairyfarm/tw/images/899/0789904_PE764192_S4.webp', 0, '2025-01-26'),
(61, 21, 21, 'https://www.ikea.com.tw/dairyfarm/tw/images/265/1126565_PE875785_S4.webp', 1, '2025-01-26'),
(62, 21, 21, 'https://www.ikea.com.tw/dairyfarm/tw/images/342/1134229_PE878651_S4.webp', 0, '2025-01-26'),
(63, 21, 21, 'https://www.ikea.com.tw/dairyfarm/tw/images/814/1081471_PE858369_S4.webp', 0, '2025-01-26'),
(64, 21, 22, 'https://www.ikea.com.tw/dairyfarm/tw/images/265/1126564_PE875784_S4.webp', 1, '2025-01-26'),
(65, 21, 22, 'https://www.ikea.com.tw/dairyfarm/tw/images/342/1134288_PE878668_S4.webp', 0, '2025-01-26'),
(66, 21, 22, 'https://www.ikea.com.tw/dairyfarm/tw/images/814/1081471_PE858369_S4.webp', 0, '2025-01-26'),
(67, 23, 23, 'https://www.ikea.com.tw/dairyfarm/tw/images/265/1126569_PE875786_S4.webp', 1, '2025-01-26'),
(68, 23, 23, 'https://www.ikea.com.tw/dairyfarm/tw/images/340/1134082_PE878656_S4.webp', 0, '2025-01-26'),
(69, 23, 23, 'https://www.ikea.com.tw/dairyfarm/tw/images/814/1081467_PE858368_S4.webp', 0, '2025-01-26'),
(70, 23, 24, 'https://www.ikea.com.tw/dairyfarm/tw/images/265/1126568_PE875788_S4.webp', 1, '2025-01-26'),
(71, 23, 24, 'https://www.ikea.com.tw/dairyfarm/tw/images/342/1134280_PE878663_S4.webp', 0, '2025-01-26'),
(72, 23, 24, 'https://www.ikea.com.tw/dairyfarm/tw/images/814/1081467_PE858368_S4.webp', 0, '2025-01-26'),
(73, 25, 25, 'https://www.ikea.com.tw/dairyfarm/tw/images/107/0710736_PE727754_S4.webp', 1, '2025-01-26'),
(74, 25, 25, 'https://www.ikea.com.tw/dairyfarm/tw/images/306/1130688_PE877923_S4.webp', 0, '2025-01-26'),
(75, 25, 25, 'https://www.ikea.com.tw/dairyfarm/tw/images/270/1127039_PE875982_S4.webp', 0, '2025-01-26'),
(76, 26, 26, 'https://www.ikea.com.tw/dairyfarm/tw/images/054/1005444_PE825460_S4.webp', 1, '2025-01-26'),
(77, 26, 26, 'https://www.ikea.com.tw/dairyfarm/tw/images/054/1005445_PE825463_S4.webp', 0, '2025-01-26'),
(78, 26, 26, 'https://www.ikea.com.tw/dairyfarm/tw/images/260/1126018_PE875594_S4.webp', 0, '2025-01-26'),
(79, 27, 27, 'https://www.ikea.com.tw/dairyfarm/tw/images/107/0710722_PE727743_S4.webp', 1, '2025-01-26'),
(80, 27, 27, 'https://www.ikea.com.tw/dairyfarm/tw/images/095/0909527_PE693582_S4.webp', 0, '2025-01-26'),
(81, 27, 27, 'https://www.ikea.com.tw/dairyfarm/tw/images/625/1062521_PE850868_S4.webp', 0, '2025-01-26'),
(82, 28, 28, 'https://www.ikea.com.tw/dairyfarm/tw/images/895/1189550_PE899907_S4.webp', 1, '2025-01-26'),
(83, 28, 28, 'https://www.ikea.com.tw/dairyfarm/tw/images/980/1198061_PE903893_S4.webp', 0, '2025-01-26'),
(84, 28, 28, 'https://www.ikea.com.tw/dairyfarm/tw/images/811/1181196_PE896637_S4.webp', 0, '2025-01-26'),
(85, 29, 29, 'https://www.ikea.com.tw/dairyfarm/tw/images/925/1292549_PE935048_S4.webp', 1, '2025-01-26'),
(86, 29, 29, 'https://www.ikea.com.tw/dairyfarm/tw/images/348/1134831_PE878886_S4.webp', 0, '2025-01-26'),
(87, 29, 29, 'https://www.ikea.com.tw/dairyfarm/tw/images/816/1081622_PE858428_S4.webp', 0, '2025-01-26'),
(88, 30, 30, 'https://www.ikea.com.tw/dairyfarm/tw/images/265/1126561_PE875781_S4.webp', 1, '2025-01-26'),
(89, 30, 30, 'https://www.ikea.com.tw/dairyfarm/tw/images/347/1134758_PE878867_S4.webp', 0, '2025-01-26'),
(90, 30, 30, 'https://www.ikea.com.tw/dairyfarm/tw/images/816/1081649_PE858429_S4.webp', 0, '2025-01-26'),
(91, 30, 31, 'https://www.ikea.com.tw/dairyfarm/tw/images/265/1126558_PE875778_S4.webp', 1, '2025-01-26'),
(92, 30, 31, 'https://www.ikea.com.tw/dairyfarm/tw/images/348/1134843_PE878890_S4.webp', 0, '2025-01-26'),
(93, 30, 31, 'https://www.ikea.com.tw/dairyfarm/tw/images/816/1081649_PE858429_S4.webp', 0, '2025-01-26'),
(94, 32, 32, 'https://www.ikea.com.tw/dairyfarm/tw/images/265/1126559_PE875779_S4.webp', 1, '2025-01-26'),
(95, 32, 32, 'https://www.ikea.com.tw/dairyfarm/tw/images/783/1178316_PE895706_S4.webp', 0, '2025-01-27'),
(96, 32, 32, 'https://www.ikea.com.tw/dairyfarm/tw/images/816/1081622_PE858428_S4.webp', 0, '2025-01-26'),
(97, 33, 33, 'https://www.ikea.com.tw/dairyfarm/tw/images/432/1043275_PE841699_S4.webp', 1, '2025-01-26'),
(98, 33, 33, 'https://www.ikea.com.tw/dairyfarm/tw/images/432/1043276_PE841700_S4.webp', 0, '2025-01-26'),
(99, 34, 34, 'https://www.ikea.com.tw/dairyfarm/tw/images/107/0710711_PE727734_S4.webp', 1, '2025-01-26'),
(100, 34, 34, 'https://www.ikea.com.tw/dairyfarm/tw/images/684/0168443_PE316949_S4.webp', 0, '2025-01-26'),
(101, 34, 34, 'https://www.ikea.com.tw/dairyfarm/tw/images/058/1205893_PE907268_S4.webp', 0, '2025-01-26'),
(102, 35, 35, 'https://www.ikea.com.tw/dairyfarm/tw/images/107/0710712_PE727733_S4.webp', 1, '2025-01-26'),
(103, 35, 35, 'https://www.ikea.com.tw/dairyfarm/tw/images/097/0909777_PE671315_S4.webp', 0, '2025-01-26'),
(104, 35, 35, 'https://www.ikea.com.tw/dairyfarm/tw/images/058/1205893_PE907268_S4.webp', 0, '2025-01-26'),
(105, 36, 36, 'https://www.ikea.com.tw/dairyfarm/tw/images/284/0828435_PE776595_S4.webp', 1, '2025-01-26'),
(106, 36, 36, 'https://www.ikea.com.tw/dairyfarm/tw/images/659/1065955_PE852253_S4.webp', 0, '2025-01-26'),
(107, 36, 36, 'https://www.ikea.com.tw/dairyfarm/tw/images/108/1210868_PE909873_S4.webp', 0, '2025-01-26'),
(108, 37, 37, 'https://www.ikea.com.tw/dairyfarm/tw/images/107/0710744_PE727762_S4.webp', 1, '2025-01-26'),
(109, 37, 37, 'https://www.ikea.com.tw/dairyfarm/tw/images/218/0421811_PE578018_S4.webp', 0, '2025-01-26'),
(110, 37, 37, 'https://www.ikea.com.tw/dairyfarm/tw/images/108/1210868_PE909873_S4.webp', 0, '2025-01-26'),
(111, 38, 38, 'https://www.ikea.com.tw/dairyfarm/tw/images/107/0710742_PE727760_S4.webp', 1, '2025-01-26'),
(112, 38, 38, 'https://www.ikea.com.tw/dairyfarm/tw/images/514/1151426_PE886141_S4.webp', 0, '2025-01-26'),
(113, 38, 38, 'https://www.ikea.com.tw/dairyfarm/tw/images/078/1207805_PE908173_S4.webp', 0, '2025-01-26'),
(114, 39, 39, 'https://www.ikea.com.tw/dairyfarm/tw/images/815/0981552_PE815388_S4.webp', 1, '2025-01-26'),
(115, 39, 39, 'https://www.ikea.com.tw/dairyfarm/tw/images/947/1094764_PE863605_S4.webp', 0, '2025-01-26'),
(116, 39, 39, 'https://www.ikea.com.tw/dairyfarm/tw/images/174/1017401_PE830801_S4.webp', 0, '2025-01-26'),
(117, 40, 40, 'https://www.ikea.com.tw/dairyfarm/tw/images/189/1018918_PE831218_S4.webp', 1, '2025-01-26'),
(118, 40, 40, 'https://www.ikea.com.tw/dairyfarm/tw/images/815/0981555_PE815392_S4.webp', 0, '2025-01-26'),
(119, 40, 40, 'https://www.ikea.com.tw/dairyfarm/tw/images/174/1017402_PE830802_S4.webp', 0, '2025-01-26'),
(120, 41, 41, 'https://www.ikea.com.tw/dairyfarm/tw/images/302/1330209_PE945484_S4.webp', 1, '2025-01-26'),
(121, 41, 41, 'https://www.ikea.com.tw/dairyfarm/tw/images/411/1341147_PE948656_S4.webp', 0, '2025-01-26'),
(122, 42, 42, 'https://www.ikea.com.tw/dairyfarm/tw/images/794/0979439_PE814538_S4.webp', 1, '2025-01-26'),
(123, 42, 42, 'https://www.ikea.com.tw/dairyfarm/tw/images/515/0951544_PE801269_S4.webp', 0, '2025-01-26'),
(124, 42, 42, 'https://www.ikea.com.tw/dairyfarm/tw/images/602/1060285_PE849885_S4.webp', 0, '2025-01-26'),
(125, 43, 43, 'https://www.ikea.com.tw/dairyfarm/tw/images/441/0644146_PE702444_S4.webp', 1, '2025-01-26'),
(126, 43, 43, 'https://www.ikea.com.tw/dairyfarm/tw/images/374/1237430_PE917969_S4.webp', 0, '2025-01-26'),
(127, 43, 43, 'https://www.ikea.com.tw/dairyfarm/tw/images/600/1060027_PE849830_S4.webp', 0, '2025-01-26'),
(128, 44, 44, 'https://www.ikea.com.tw/dairyfarm/tw/images/678/0667808_PE714092_S4.webp', 1, '2025-01-26'),
(129, 44, 44, 'https://www.ikea.com.tw/dairyfarm/tw/images/375/1237508_PE918000_S4.webp', 0, '2025-01-26'),
(130, 44, 44, 'https://www.ikea.com.tw/dairyfarm/tw/images/601/1060163_PE849850_S4.webp', 0, '2025-01-26'),
(131, 45, 45, 'https://www.ikea.com.tw/dairyfarm/tw/images/271/0627110_PE693186_S4.webp', 1, '2025-01-26'),
(132, 45, 45, 'https://www.ikea.com.tw/dairyfarm/tw/images/375/1237573_PE918027_S4.webp', 0, '2025-01-26'),
(133, 45, 45, 'https://www.ikea.com.tw/dairyfarm/tw/images/233/0723333_PE733915_S4.webp', 0, '2025-01-26'),
(134, 46, 46, 'https://www.ikea.com.tw/dairyfarm/tw/images/997/1299769_PE936762_S4.webp', 1, '2025-01-26'),
(135, 46, 46, 'https://www.ikea.com.tw/dairyfarm/tw/images/410/1341005_PE948592_S4.webp', 0, '2025-01-26'),
(136, 47, 47, 'https://www.ikea.com.tw/dairyfarm/tw/images/441/0644152_PE702448_S4.webp', 1, '2025-01-26'),
(137, 47, 47, 'https://www.ikea.com.tw/dairyfarm/tw/images/038/0503896_PE632971_S4.webp', 0, '2025-01-26'),
(138, 47, 47, 'https://www.ikea.com.tw/dairyfarm/tw/images/600/1060092_PE849840_S4.webp', 0, '2025-01-26'),
(139, 48, 48, 'https://www.ikea.com.tw/dairyfarm/tw/images/270/0627027_PE693158_S4.webp', 1, '2025-01-26'),
(140, 48, 48, 'https://www.ikea.com.tw/dairyfarm/tw/images/509/0850906_PE610452_S4.webp', 0, '2025-01-26'),
(141, 48, 48, 'https://www.ikea.com.tw/dairyfarm/tw/images/234/0623465_PE691152_S4.webp', 0, '2025-01-26'),
(142, 49, 49, 'https://www.ikea.com.tw/dairyfarm/tw/images/971/1097107_PE864733_S4.webp', 1, '2025-01-26'),
(143, 49, 49, 'https://www.ikea.com.tw/dairyfarm/tw/images/043/1104386_PE867640_S4.webp', 0, '2025-01-26'),
(144, 49, 49, 'https://www.ikea.com.tw/dairyfarm/tw/images/233/0723335_PE733917_S2.webp', 0, '2025-01-26'),
(145, 49, 50, 'https://www.ikea.com.tw/dairyfarm/tw/images/447/0644780_PE702956_S4.webp', 1, '2025-01-26'),
(146, 49, 50, 'https://www.ikea.com.tw/dairyfarm/tw/images/375/1237515_PE918003_S4.webp', 0, '2025-01-26'),
(147, 49, 50, 'https://www.ikea.com.tw/dairyfarm/tw/images/233/0723335_PE733917_S4.webp', 0, '2025-01-26'),
(148, 51, 51, 'https://www.ikea.com.tw/dairyfarm/tw/images/854/1285405_PE933305_S4.webp', 1, '2025-01-26'),
(149, 51, 51, 'https://www.ikea.com.tw/dairyfarm/tw/images/411/1341174_PE948669_S4.webp', 0, '2025-01-26'),
(150, 51, 51, 'https://www.ikea.com.tw/dairyfarm/tw/images/602/1060261_PE849871_S4.webp', 0, '2025-01-26'),
(151, 52, 52, 'https://www.ikea.com.tw/dairyfarm/tw/images/997/1299768_PE936761_S4.webp', 1, '2025-01-26'),
(152, 52, 52, 'https://www.ikea.com.tw/dairyfarm/tw/images/410/1341045_PE948605_S4.webp', 0, '2025-01-26'),
(153, 53, 53, 'https://www.ikea.com.tw/dairyfarm/tw/images/854/1285408_PE933307_S4.webp', 1, '2025-01-26'),
(154, 53, 53, 'https://www.ikea.com.tw/dairyfarm/tw/images/411/1341189_PE948680_S4.webp', 0, '2025-01-26'),
(155, 54, 54, 'https://www.ikea.com.tw/dairyfarm/tw/images/788/1178866_PE895751_S4.webp', 1, '2025-01-26'),
(156, 54, 54, 'https://www.ikea.com.tw/dairyfarm/tw/images/788/1178865_PE895750_S4.webp', 0, '2025-01-26'),
(157, 54, 54, 'https://www.ikea.com.tw/dairyfarm/tw/images/817/1181746_PE896753_S4.webp', 0, '2025-01-26'),
(158, 55, 55, 'https://www.ikea.com.tw/dairyfarm/tw/images/686/0668658_PE714623_S4.webp', 1, '2025-01-26'),
(159, 55, 55, 'https://www.ikea.com.tw/dairyfarm/tw/images/498/0849875_PE714618_S4.webp', 0, '2025-01-26'),
(160, 55, 55, 'https://www.ikea.com.tw/dairyfarm/tw/images/602/1060253_PE849866_S4.webp', 0, '2025-01-26'),
(161, 56, 56, 'https://www.ikea.com.tw/dairyfarm/tw/images/662/1266291_PE928101_S4.webp', 1, '2025-01-26'),
(162, 56, 56, 'https://www.ikea.com.tw/dairyfarm/tw/images/602/1060272_PE849878_S4.webp', 0, '2025-01-26'),
(163, 57, 57, 'https://www.ikea.com.tw/dairyfarm/tw/images/995/1099549_PE865765_S4.webp', 1, '2025-01-26'),
(164, 57, 57, 'https://www.ikea.com.tw/dairyfarm/tw/images/167/1116725_PE872565_S4.webp', 0, '2025-01-26'),
(165, 57, 57, 'https://www.ikea.com.tw/dairyfarm/tw/images/283/1128300_PE876539_S4.webp', 0, '2025-01-26'),
(166, 58, 58, 'https://www.ikea.com.tw/dairyfarm/tw/images/969/1096996_PE864658_S4.webp', 1, '2025-01-26'),
(167, 58, 58, 'https://www.ikea.com.tw/dairyfarm/tw/images/046/1104601_PE867767_S4.webp', 0, '2025-01-26'),
(168, 58, 58, 'https://www.ikea.com.tw/dairyfarm/tw/images/601/1060165_PE849852_S4.webp', 0, '2025-01-26'),
(169, 59, 59, 'https://www.ikea.com.tw/dairyfarm/tw/images/417/1241722_PE919974_S4.webp', 1, '2025-01-26'),
(170, 59, 59, 'https://www.ikea.com.tw/dairyfarm/tw/images/850/1285003_PE933172_S4.webp', 0, '2025-01-26'),
(171, 59, 59, 'https://www.ikea.com.tw/dairyfarm/tw/images/061/1306109_PE939654_S4.webp', 0, '2025-01-26'),
(172, 60, 60, 'https://www.ikea.com.tw/dairyfarm/tw/images/412/1241274_PE919730_S4.webp', 1, '2025-01-26'),
(173, 60, 60, 'https://www.ikea.com.tw/dairyfarm/tw/images/792/1279219_PE931430_S4.webp', 0, '2025-01-26'),
(174, 60, 60, 'https://www.ikea.com.tw/dairyfarm/tw/images/571/1257127_PE925580_S4.webp', 0, '2025-01-26'),
(175, 61, 61, 'https://www.ikea.com.tw/dairyfarm/tw/images/161/1016125_PE830223_S4.webp', 1, '2025-01-26'),
(176, 61, 61, 'https://www.ikea.com.tw/dairyfarm/tw/images/286/1028603_PE835415_S4.webp', 0, '2025-01-26'),
(177, 61, 61, 'https://www.ikea.com.tw/dairyfarm/tw/images/509/1050960_PE844934_S4.webp', 0, '2025-01-26'),
(178, 62, 62, 'https://www.ikea.com.tw/dairyfarm/tw/images/291/1129167_PE891018_S4.webp', 1, '2025-01-26'),
(179, 62, 62, 'https://www.ikea.com.tw/dairyfarm/tw/images/291/1129166_PE891019_S4.webp', 0, '2025-01-26'),
(180, 62, 62, 'https://www.ikea.com.tw/dairyfarm/tw/images/668/1166820_PE891286_S4.webp', 0, '2025-01-26'),
(181, 63, 63, 'https://www.ikea.com.tw/dairyfarm/tw/images/141/0914116_PE783853_S4.webp', 1, '2025-01-26'),
(182, 63, 63, 'https://www.ikea.com.tw/dairyfarm/tw/images/765/0976577_PH172953_S4.webp', 0, '2025-01-26'),
(183, 63, 63, 'https://www.ikea.com.tw/dairyfarm/tw/images/166/0916668_PE785314_S4.webp', 0, '2025-01-26'),
(184, 63, 64, 'https://www.ikea.com.tw/dairyfarm/tw/images/054/1005465_PE825418_S4.webp', 1, '2025-01-26'),
(185, 63, 64, 'https://www.ikea.com.tw/dairyfarm/tw/images/777/0977707_PE813887_S4.webp', 0, '2025-01-26'),
(186, 63, 64, 'https://www.ikea.com.tw/dairyfarm/tw/images/166/0916668_PE785314_S4.webp', 0, '2025-01-26'),
(187, 65, 65, 'https://www.ikea.com.tw/dairyfarm/tw/images/960/1296033_PE935668_S4.webp', 1, '2025-01-26'),
(188, 65, 65, 'https://www.ikea.com.tw/dairyfarm/tw/images/200/1320092_PE941098_S4.webp', 0, '2025-01-26'),
(189, 65, 65, 'https://www.ikea.com.tw/dairyfarm/tw/images/654/0765460_PE753594_S4.webp', 0, '2025-01-26'),
(190, 66, 66, 'https://www.ikea.com.tw/dairyfarm/tw/images/090/1009040_PE827429_S4.webp', 1, '2025-01-26'),
(191, 66, 66, 'https://www.ikea.com.tw/dairyfarm/tw/images/214/1021469_PE832140_S4.webp', 0, '2025-01-26'),
(192, 66, 66, 'https://www.ikea.com.tw/dairyfarm/tw/images/224/1022449_PE832734_S4.webp', 0, '2025-01-26'),
(193, 66, 67, 'https://www.ikea.com.tw/dairyfarm/tw/images/090/1009039_PE827431_S4.webp', 1, '2025-01-26'),
(194, 66, 67, 'https://www.ikea.com.tw/dairyfarm/tw/images/214/1021464_PE832135_S4.webp', 0, '2025-01-26'),
(195, 66, 67, 'https://www.ikea.com.tw/dairyfarm/tw/images/224/1022449_PE832734_S4.webp', 0, '2025-01-26'),
(196, 68, 68, 'https://www.ikea.com.tw/dairyfarm/tw/images/161/1016126_PE830224_S4.webp', 1, '2025-01-26'),
(197, 68, 68, 'https://www.ikea.com.tw/dairyfarm/tw/images/606/1060640_PH181367_S4.webp', 0, '2025-01-26'),
(198, 68, 68, 'https://www.ikea.com.tw/dairyfarm/tw/images/050/1105048_PE868012_S4.webp', 0, '2025-01-26'),
(199, 69, 69, 'https://www.ikea.com.tw/dairyfarm/tw/images/605/1160570_PE888966_S4.webp', 1, '2025-01-26'),
(200, 69, 69, 'https://www.ikea.com.tw/dairyfarm/tw/images/051/1205119_PE906949_S4.webp', 0, '2025-01-26'),
(201, 69, 69, 'https://www.ikea.com.tw/dairyfarm/tw/images/723/1172362_PE893296_S4.webp', 0, '2025-01-26'),
(202, 70, 70, 'https://www.ikea.com.tw/dairyfarm/tw/images/605/1260562_PE926963_S4.webp', 1, '2025-01-26'),
(203, 70, 70, 'https://www.ikea.com.tw/dairyfarm/tw/images/010/1301020_PE937248_S4.webp', 0, '2025-01-26'),
(204, 70, 70, 'https://www.ikea.com.tw/dairyfarm/tw/images/493/1349352_PE951289_S4.webp', 0, '2025-01-26'),
(205, 71, 71, 'https://www.ikea.com.tw/dairyfarm/tw/images/355/1335580_PE947096_S4.webp', 1, '2025-01-26'),
(206, 71, 71, 'https://www.ikea.com.tw/dairyfarm/tw/images/676/1367628_PE957424_S4.webp', 0, '2025-01-26'),
(207, 71, 71, 'https://www.ikea.com.tw/dairyfarm/tw/images/690/1369090_PE958020_S4.webp', 0, '2025-01-26'),
(208, 72, 72, 'https://www.ikea.com.tw/dairyfarm/tw/images/281/1328109_PE944668_S4.webp', 1, '2025-01-26'),
(209, 72, 72, 'https://www.ikea.com.tw/dairyfarm/tw/images/001/1300169_PE937001_S4.webp', 0, '2025-01-26'),
(210, 72, 72, 'https://www.ikea.com.tw/dairyfarm/tw/images/365/1236541_PE917689_S4.webp', 0, '2025-01-26'),
(211, 73, 73, 'https://www.ikea.com.tw/dairyfarm/tw/images/355/1035578_PE838113_S4.webp', 1, '2025-01-26'),
(212, 73, 73, 'https://www.ikea.com.tw/dairyfarm/tw/images/487/1048720_PE843879_S4.webp', 0, '2025-01-26'),
(213, 73, 73, 'https://www.ikea.com.tw/dairyfarm/tw/images/632/1063228_PE851291_S4.webp', 0, '2025-01-26'),
(214, 74, 74, 'https://www.ikea.com.tw/dairyfarm/tw/images/412/1241237_PE919729_S4.webp', 1, '2025-01-26'),
(215, 74, 74, 'https://www.ikea.com.tw/dairyfarm/tw/images/917/1291702_PE934965_S4.webp', 0, '2025-01-26'),
(216, 74, 74, 'https://www.ikea.com.tw/dairyfarm/tw/images/490/1349062_PE951242_S4.webp', 0, '2025-01-26'),
(217, 74, 75, 'https://www.ikea.com.tw/dairyfarm/tw/images/412/1241238_PE919728_S4.webp', 1, '2025-01-26'),
(218, 74, 75, 'https://www.ikea.com.tw/dairyfarm/tw/images/917/1291701_PE934963_S4.webp', 0, '2025-01-26'),
(219, 74, 75, 'https://www.ikea.com.tw/dairyfarm/tw/images/490/1349062_PE951242_S4.webp', 0, '2025-01-26'),
(220, 76, 76, 'https://www.ikea.com.tw/dairyfarm/tw/images/862/1186256_PE898738_S4.webp', 1, '2025-01-26'),
(221, 76, 76, 'https://www.ikea.com.tw/dairyfarm/tw/images/001/1300161_PE936994_S4.webp', 0, '2025-01-26'),
(222, 76, 76, 'https://www.ikea.com.tw/dairyfarm/tw/images/365/1236541_PE917689_S4.webp', 0, '2025-01-26'),
(223, 77, 77, 'https://www.ikea.com.tw/dairyfarm/tw/images/568/1356807_PE953439_S4.webp', 1, '2025-01-26'),
(224, 77, 77, 'https://www.ikea.com.tw/dairyfarm/tw/images/790/1379066_PE961442_S4.webp', 0, '2025-01-26'),
(225, 77, 77, 'https://www.ikea.com.tw/dairyfarm/tw/images/268/1026887_PE834619_S4.webp', 0, '2025-01-26'),
(226, 78, 78, 'https://www.ikea.com.tw/dairyfarm/tw/images/568/1356817_PE953443_S4.webp', 1, '2025-01-26'),
(227, 78, 78, 'https://www.ikea.com.tw/dairyfarm/tw/images/790/1379085_PE961455_S4.webp', 0, '2025-01-26'),
(228, 78, 78, 'https://www.ikea.com.tw/dairyfarm/tw/images/269/1026902_PE834627_S4.webp', 0, '2025-01-26'),
(229, 77, 79, 'https://www.ikea.com.tw/dairyfarm/tw/images/920/1392041_PE965984_S4.webp', 1, '2025-01-26'),
(230, 77, 79, 'https://www.ikea.com.tw/dairyfarm/tw/images/791/1379163_PE961423_S4.webp', 0, '2025-01-26'),
(231, 77, 79, 'https://www.ikea.com.tw/dairyfarm/tw/images/268/1026887_PE834619_S4.webp', 0, '2025-01-26'),
(232, 77, 80, 'https://www.ikea.com.tw/dairyfarm/tw/images/931/0993157_PE820428_S4.webp', 1, '2025-01-26'),
(233, 77, 80, 'https://www.ikea.com.tw/dairyfarm/tw/images/959/0995966_PE821943_S4.webp', 0, '2025-01-26'),
(234, 77, 80, 'https://www.ikea.com.tw/dairyfarm/tw/images/268/1026887_PE834619_S4.webp', 0, '2025-01-26'),
(235, 81, 81, 'https://www.ikea.com.tw/dairyfarm/tw/images/769/0376997_PE516837_S4.webp', 1, '2025-01-26'),
(236, 81, 81, 'https://www.ikea.com.tw/dairyfarm/tw/images/433/0843389_PE535717_S4.webp', 0, '2025-01-26'),
(237, 81, 81, 'https://www.ikea.com.tw/dairyfarm/tw/images/200/0720087_PE732402_S4.webp', 0, '2025-01-26'),
(238, 77, 82, 'https://www.ikea.com.tw/dairyfarm/tw/images/931/0993160_PE820426_S4.webp', 1, '2025-01-26'),
(239, 77, 82, 'https://www.ikea.com.tw/dairyfarm/tw/images/959/0995971_PE821934_S4.webp', 0, '2025-01-26'),
(240, 77, 82, 'https://www.ikea.com.tw/dairyfarm/tw/images/268/1026887_PE834619_S4.webp', 0, '2025-01-26'),
(241, 78, 83, 'https://www.ikea.com.tw/dairyfarm/tw/images/926/0992634_PE820152_S4.webp', 1, '2025-01-26'),
(242, 78, 83, 'https://www.ikea.com.tw/dairyfarm/tw/images/950/0995039_PE821637_S4.webp', 0, '2025-01-26'),
(243, 78, 83, 'https://www.ikea.com.tw/dairyfarm/tw/images/269/1026902_PE834627_S4.webp', 0, '2025-01-26'),
(244, 78, 84, 'https://www.ikea.com.tw/dairyfarm/tw/images/926/0992637_PE820160_S4.webp', 1, '2025-01-26'),
(245, 78, 84, 'https://www.ikea.com.tw/dairyfarm/tw/images/950/0995045_PE821642_S4.webp', 0, '2025-01-26'),
(246, 78, 84, 'https://www.ikea.com.tw/dairyfarm/tw/images/269/1026902_PE834627_S4.webp', 0, '2025-01-26'),
(247, 77, 85, 'https://www.ikea.com.tw/dairyfarm/tw/images/931/0993155_PE820423_S4.webp', 1, '2025-01-26'),
(248, 77, 85, 'https://www.ikea.com.tw/dairyfarm/tw/images/959/0995962_PE821927_S4.webp', 0, '2025-01-26'),
(249, 77, 85, 'https://www.ikea.com.tw/dairyfarm/tw/images/268/1026887_PE834619_S4.webp', 0, '2025-01-26'),
(250, 77, 86, 'https://www.ikea.com.tw/dairyfarm/tw/images/931/0993145_PE820443_S4.webp', 1, '2025-01-26'),
(251, 77, 86, 'https://www.ikea.com.tw/dairyfarm/tw/images/959/0995941_PE821914_S4.webp', 0, '2025-01-26'),
(252, 77, 86, 'https://www.ikea.com.tw/dairyfarm/tw/images/268/1026887_PE834619_S4.webp', 0, '2025-01-26'),
(253, 78, 87, 'https://www.ikea.com.tw/dairyfarm/tw/images/926/0992632_PE820150_S4.webp', 1, '2025-01-26'),
(254, 78, 87, 'https://www.ikea.com.tw/dairyfarm/tw/images/950/0995035_PE821668_S4.webp', 0, '2025-01-26'),
(255, 78, 87, 'https://www.ikea.com.tw/dairyfarm/tw/images/269/1026902_PE834627_S4.webp', 0, '2025-01-26'),
(256, 88, 88, 'https://www.ikea.com.tw/dairyfarm/tw/images/854/0985435_PE816775_S4.webp', 1, '2025-01-26'),
(257, 88, 88, 'https://www.ikea.com.tw/dairyfarm/tw/images/996/0999609_PE823649_S4.webp', 0, '2025-01-26'),
(258, 88, 88, 'https://www.ikea.com.tw/dairyfarm/tw/images/268/1026896_PE834622_S4.webp', 0, '2025-01-26'),
(259, 77, 89, 'https://www.ikea.com.tw/dairyfarm/tw/images/095/1209520_PE909280_S4.webp', 1, '2025-01-26'),
(260, 77, 89, 'https://www.ikea.com.tw/dairyfarm/tw/images/213/1221386_PE913783_S4.webp', 0, '2025-01-26'),
(261, 77, 89, 'https://www.ikea.com.tw/dairyfarm/tw/images/268/1026887_PE834619_S4.webp', 0, '2025-01-26'),
(262, 77, 90, 'https://www.ikea.com.tw/dairyfarm/tw/images/931/0993152_PE820420_S4.webp', 1, '2025-01-26'),
(263, 77, 90, 'https://www.ikea.com.tw/dairyfarm/tw/images/959/0995956_PE821952_S4.webp', 0, '2025-01-26'),
(264, 77, 90, 'https://www.ikea.com.tw/dairyfarm/tw/images/268/1026887_PE834619_S4.webp', 0, '2025-01-26'),
(265, 91, 91, 'https://www.ikea.com.tw/dairyfarm/tw/images/090/1009041_PE827430_S4.webp', 1, '2025-01-26'),
(266, 91, 91, 'https://www.ikea.com.tw/dairyfarm/tw/images/853/0985350_PE816607_S4.webp', 0, '2025-01-26'),
(267, 91, 91, 'https://www.ikea.com.tw/dairyfarm/tw/images/224/1022450_PE832733_S4.webp', 0, '2025-01-26'),
(268, 92, 92, 'https://www.ikea.com.tw/dairyfarm/tw/images/388/1238897_PE918669_S4.webp', 1, '2025-01-26'),
(269, 92, 92, 'https://www.ikea.com.tw/dairyfarm/tw/images/487/1248782_PE923214_S4.webp', 0, '2025-01-26'),
(270, 92, 92, 'https://www.ikea.com.tw/dairyfarm/tw/images/120/1212006_PE910456_S4.webp', 0, '2025-01-26'),
(271, 93, 93, 'https://www.ikea.com.tw/dairyfarm/tw/images/429/1242991_PE920480_S4.webp', 1, '2025-01-26'),
(272, 93, 93, 'https://www.ikea.com.tw/dairyfarm/tw/images/729/1272952_PE929827_S4.webp', 0, '2025-01-26'),
(273, 93, 93, 'https://www.ikea.com.tw/dairyfarm/tw/images/120/1212006_PE910456_S4.webp', 0, '2025-01-26'),
(274, 94, 94, 'https://www.ikea.com.tw/dairyfarm/tw/images/779/1277927_PE931113_S4.webp', 1, '2025-01-26'),
(275, 94, 94, 'https://www.ikea.com.tw/dairyfarm/tw/images/779/1277926_PE931112_S4.webp', 0, '2025-01-26'),
(276, 94, 94, 'https://www.ikea.com.tw/dairyfarm/tw/images/120/1212006_PE910456_S4.webp', 0, '2025-01-26'),
(277, 95, 95, 'https://www.ikea.com.tw/dairyfarm/tw/images/388/1238898_PE918671_S4.webp', 1, '2025-01-26'),
(278, 95, 95, 'https://www.ikea.com.tw/dairyfarm/tw/images/487/1248783_PE923213_S4.webp', 0, '2025-01-26'),
(279, 95, 95, 'https://www.ikea.com.tw/dairyfarm/tw/images/120/1212006_PE910456_S4.webp', 0, '2025-01-26'),
(280, 96, 96, 'https://www.ikea.com.tw/dairyfarm/tw/images/552/0955264_PE803706_S4.webp', 1, '2025-01-26'),
(281, 96, 96, 'https://www.ikea.com.tw/dairyfarm/tw/images/552/0955265_PE803705_S4.webp', 0, '2025-01-26'),
(282, 96, 96, 'https://www.ikea.com.tw/dairyfarm/tw/images/091/1009130_PE827481_S4.webp', 0, '2025-01-26'),
(283, 97, 97, 'https://www.ikea.com.tw/dairyfarm/tw/images/397/1239715_PE919026_S4.webp', 1, '2025-01-26'),
(284, 97, 97, 'https://www.ikea.com.tw/dairyfarm/tw/images/489/1248947_PE923313_S4.webp', 0, '2025-01-26'),
(285, 97, 97, 'https://www.ikea.com.tw/dairyfarm/tw/images/068/1206863_PE907664_S4.webp', 0, '2025-01-26'),
(286, 98, 98, 'https://www.ikea.com.tw/dairyfarm/tw/images/397/1239710_PE919027_S4.webp', 1, '2025-01-26'),
(287, 98, 98, 'https://www.ikea.com.tw/dairyfarm/tw/images/489/1248942_PE923300_S4.webp', 0, '2025-01-26'),
(288, 98, 98, 'https://www.ikea.com.tw/dairyfarm/tw/images/068/1206848_PE907654_S4.webp', 0, '2025-01-26'),
(289, 99, 99, 'https://www.ikea.com.tw/dairyfarm/tw/images/954/1195481_PE902461_S4.webp', 1, '2025-01-26'),
(290, 99, 99, 'https://www.ikea.com.tw/dairyfarm/tw/images/305/1330517_PE945710_S4.webp', 0, '2025-01-26'),
(291, 100, 100, 'https://www.ikea.com.tw/dairyfarm/tw/images/954/1195481_PE902461_S4.webp', 1, '2025-01-26'),
(292, 100, 100, 'https://www.ikea.com.tw/dairyfarm/tw/images/230/1223049_PE914418_S4.webp', 0, '2025-01-26'),
(293, 101, 101, 'https://www.ikea.com.tw/dairyfarm/tw/images/954/1195485_PE902457_S4.webp', 1, '2025-01-26'),
(294, 101, 101, 'https://www.ikea.com.tw/dairyfarm/tw/images/255/1225556_PE915405_S4.webp', 0, '2025-01-26'),
(295, 102, 102, 'https://www.ikea.com.tw/dairyfarm/tw/images/955/1195576_PE902499_S4.webp', 1, '2025-01-26'),
(296, 102, 102, 'https://www.ikea.com.tw/dairyfarm/tw/images/230/1223056_PE914424_S4.webp', 0, '2025-01-26'),
(297, 103, 103, 'https://www.ikea.com.tw/dairyfarm/tw/images/955/1195575_PE902500_S4.webp', 1, '2025-01-26'),
(298, 103, 103, 'https://www.ikea.com.tw/dairyfarm/tw/images/255/1225579_PE915428_S4.webp', 0, '2025-01-26'),
(299, 104, 104, 'https://www.ikea.com.tw/dairyfarm/tw/images/371/0737105_PE740883_S4.webp', 1, '2025-01-26'),
(300, 104, 104, 'https://www.ikea.com.tw/dairyfarm/tw/images/212/1221247_PE913674_S4.webp', 0, '2025-01-26'),
(301, 104, 104, 'https://www.ikea.com.tw/dairyfarm/tw/images/492/0949244_PE799576_S4.webp', 0, '2025-01-26'),
(302, 105, 105, 'https://www.ikea.com.tw/dairyfarm/tw/images/743/1074348_PE856162_S4.webp', 1, '2025-01-26'),
(303, 105, 105, 'https://www.ikea.com.tw/dairyfarm/tw/images/566/1056656_PE848458_S4.webp', 0, '2025-01-26'),
(304, 105, 105, 'https://www.ikea.com.tw/dairyfarm/tw/images/319/1031911_PE836694_S4.webp', 0, '2025-01-26'),
(305, 106, 106, 'https://www.ikea.com.tw/dairyfarm/tw/images/181/1118109_PE872932_S4.webp', 1, '2025-01-27'),
(306, 106, 106, 'https://www.ikea.com.tw/dairyfarm/tw/images/017/1301724_PE937537_S4.webp', 0, '2025-01-26'),
(307, 106, 106, 'https://www.ikea.com.tw/dairyfarm/tw/images/464/1146456_PE883015_S4.webp', 0, '2025-01-26'),
(308, 107, 107, 'https://www.ikea.com.tw/dairyfarm/tw/images/372/0737266_PE740964_S4.webp', 1, '2025-01-26'),
(309, 107, 107, 'https://www.ikea.com.tw/dairyfarm/tw/images/286/1028690_PE835489_S4.webp', 0, '2025-01-26'),
(310, 107, 107, 'https://www.ikea.com.tw/dairyfarm/tw/images/763/0976365_PE813152_S4.webp', 0, '2025-01-26'),
(311, 108, 108, 'https://www.ikea.com.tw/dairyfarm/tw/images/466/0546603_PE656255_S4.webp', 1, '2025-01-26'),
(312, 108, 108, 'https://www.ikea.com.tw/dairyfarm/tw/images/402/1340219_PE948521_S4.webp', 0, '2025-01-26'),
(313, 108, 108, 'https://www.ikea.com.tw/dairyfarm/tw/images/492/0949260_PE799598_S4.webp', 0, '2025-01-26'),
(314, 109, 109, 'https://www.ikea.com.tw/dairyfarm/tw/images/973/0997396_PE822660_S4.webp', 1, '2025-01-26'),
(315, 109, 109, 'https://www.ikea.com.tw/dairyfarm/tw/images/970/0997060_PH176798_S4.webp', 0, '2025-01-26'),
(316, 109, 109, 'https://www.ikea.com.tw/dairyfarm/tw/images/250/1325034_PE943754_S4.webp', 0, '2025-01-26'),
(317, 110, 110, 'https://www.ikea.com.tw/dairyfarm/tw/images/881/0788199_PE763525_S4.webp', 1, '2025-01-26'),
(318, 110, 110, 'https://www.ikea.com.tw/dairyfarm/tw/images/882/0788200_PE763524_S4.webp', 0, '2025-01-26'),
(319, 111, 111, 'https://www.ikea.com.tw/dairyfarm/tw/images/181/0918115_PE786051_S4.webp', 1, '2025-01-26'),
(320, 111, 111, 'https://www.ikea.com.tw/dairyfarm/tw/images/463/0946313_PH172539_S4.webp', 0, '2025-01-26'),
(321, 111, 111, 'https://www.ikea.com.tw/dairyfarm/tw/images/634/0963458_PE808507_S4.webp', 0, '2025-01-26'),
(322, 112, 112, 'https://www.ikea.com.tw/dairyfarm/tw/images/985/1198593_PE904133_S4.webp', 1, '2025-01-26'),
(323, 112, 112, 'https://www.ikea.com.tw/dairyfarm/tw/images/634/0963458_PE808507_S4.webp', 0, '2025-01-26'),
(324, 113, 113, 'https://www.ikea.com.tw/dairyfarm/tw/images/985/1198595_PE904135_S4.webp', 1, '2025-01-26'),
(325, 113, 113, 'https://www.ikea.com.tw/dairyfarm/tw/images/985/1198594_PE904134_S4.webp', 0, '2025-01-26'),
(326, 113, 113, 'https://www.ikea.com.tw/dairyfarm/tw/images/634/0963458_PE808507_S4.webp', 0, '2025-01-26'),
(327, 114, 114, 'https://www.ikea.com.tw/dairyfarm/tw/images/269/0926900_PE789586_S4.webp', 1, '2025-01-26'),
(328, 114, 114, 'https://www.ikea.com.tw/dairyfarm/tw/images/571/1057113_PE848777_S4.webp', 0, '2025-01-26'),
(329, 114, 114, 'https://www.ikea.com.tw/dairyfarm/tw/images/280/1328042_PE944626_S4.webp', 0, '2025-01-26'),
(330, 115, 115, 'https://www.ikea.com.tw/dairyfarm/tw/images/181/1118111_PE872933_S4.webp', 1, '2025-01-26'),
(331, 115, 115, 'https://www.ikea.com.tw/dairyfarm/tw/images/400/1140090_PE880627_S4.webp', 0, '2025-01-26'),
(332, 115, 115, 'https://www.ikea.com.tw/dairyfarm/tw/images/959/1395916_PE967155_S4.webp', 0, '2025-01-26'),
(333, 116, 116, 'https://www.ikea.com.tw/dairyfarm/tw/images/328/0832851_PE777857_S4.webp', 1, '2025-01-26'),
(334, 116, 116, 'https://www.ikea.com.tw/dairyfarm/tw/images/410/0941067_PE795323_S4.webp', 0, '2025-01-26'),
(335, 116, 116, 'https://www.ikea.com.tw/dairyfarm/tw/images/477/0947713_PE798625_S4.webp', 0, '2025-01-26'),
(336, 117, 117, 'https://www.ikea.com.tw/dairyfarm/tw/images/181/1118107_PE872930_S4.webp', 1, '2025-01-26'),
(337, 117, 117, 'https://www.ikea.com.tw/dairyfarm/tw/images/694/1169406_PH187029_S4.webp', 0, '2025-01-26'),
(338, 117, 117, 'https://www.ikea.com.tw/dairyfarm/tw/images/464/1146456_PE883015_S4.webp', 0, '2025-01-26'),
(339, 118, 118, 'https://www.ikea.com.tw/dairyfarm/tw/images/623/1262376_PE927062_S4.webp', 1, '2025-01-26'),
(340, 118, 118, 'https://www.ikea.com.tw/dairyfarm/tw/images/411/1341111_PE948640_S4.webp', 0, '2025-01-26'),
(341, 118, 118, 'https://www.ikea.com.tw/dairyfarm/tw/images/654/1365407_PE956331_S4.webp', 0, '2025-01-26'),
(342, 119, 119, 'https://www.ikea.com.tw/dairyfarm/tw/images/575/1157575_PE887770_S4.webp', 1, '2025-01-26'),
(343, 119, 119, 'https://www.ikea.com.tw/dairyfarm/tw/images/493/1149378_PE883985_S4.webp', 0, '2025-01-26'),
(344, 119, 119, 'https://www.ikea.com.tw/dairyfarm/tw/images/465/1146513_PE883030_S4.webp', 0, '2025-01-26'),
(345, 120, 120, 'https://www.ikea.com.tw/dairyfarm/tw/images/064/1106462_PE868734_S4.webp', 1, '2025-01-26'),
(346, 120, 120, 'https://www.ikea.com.tw/dairyfarm/tw/images/276/1127601_PE879142_S4.webp', 0, '2025-01-26'),
(347, 120, 120, 'https://www.ikea.com.tw/dairyfarm/tw/images/134/1113426_PE871469_S4.webp', 0, '2025-01-26'),
(348, 121, 121, 'https://www.ikea.com.tw/dairyfarm/tw/images/371/0737106_PE740884_S4.webp', 1, '2025-01-26'),
(349, 121, 121, 'https://www.ikea.com.tw/dairyfarm/tw/images/552/1255296_PE924490_S4.webp', 0, '2025-01-26'),
(350, 121, 121, 'https://www.ikea.com.tw/dairyfarm/tw/images/492/0949244_PE799576_S4.webp', 0, '2025-01-26'),
(351, 122, 122, 'https://www.ikea.com.tw/dairyfarm/tw/images/142/0714215_PE729969_S4.webp', 1, '2025-01-26'),
(352, 122, 122, 'https://www.ikea.com.tw/dairyfarm/tw/images/447/0744797_PE743408_S4.webp', 0, '2025-01-26'),
(353, 122, 122, 'https://www.ikea.com.tw/dairyfarm/tw/images/477/0947713_PE798625_S4.webp', 0, '2025-01-26'),
(354, 123, 123, 'https://www.ikea.com.tw/dairyfarm/tw/images/181/1118101_PE872927_S4.webp', 1, '2025-01-26'),
(355, 123, 123, 'https://www.ikea.com.tw/dairyfarm/tw/images/181/1118117_PE872939_S4.webp', 0, '2025-01-26'),
(356, 123, 123, 'https://www.ikea.com.tw/dairyfarm/tw/images/419/1141966_PE881108_S4.webp', 0, '2025-01-26'),
(357, 124, 124, 'https://www.ikea.com.tw/dairyfarm/tw/images/556/1055670_PE848039_S4.webp', 1, '2025-01-26'),
(358, 124, 124, 'https://www.ikea.com.tw/dairyfarm/tw/images/580/1058058_PH181467_S4.webp', 0, '2025-01-26'),
(359, 124, 124, 'https://www.ikea.com.tw/dairyfarm/tw/images/791/1079111_PE857410_S4.webp', 0, '2025-01-26'),
(360, 125, 125, 'https://www.ikea.com.tw/dairyfarm/tw/images/554/1055447_PE848035_S4.webp', 1, '2025-01-26'),
(361, 125, 125, 'https://www.ikea.com.tw/dairyfarm/tw/images/580/1058047_PH181466_S4.webp', 0, '2025-01-26'),
(362, 125, 125, 'https://www.ikea.com.tw/dairyfarm/tw/images/791/1079109_PE857409_S4.webp', 0, '2025-01-26'),
(363, 126, 126, 'https://www.ikea.com.tw/dairyfarm/tw/images/168/0816819_PE773696_S4.webp', 1, '2025-01-26'),
(364, 126, 126, 'https://www.ikea.com.tw/dairyfarm/tw/images/369/1236931_PE917775_S4.webp', 0, '2025-01-26'),
(365, 126, 126, 'https://www.ikea.com.tw/dairyfarm/tw/images/883/0888324_PE782031_S4.webp', 0, '2025-01-26'),
(366, 127, 127, 'https://www.ikea.com.tw/dairyfarm/tw/images/940/1194043_PE901781_S4.webp', 1, '2025-01-26'),
(367, 127, 127, 'https://www.ikea.com.tw/dairyfarm/tw/images/940/1194049_PE901785_S4.webp', 0, '2025-01-26'),
(368, 127, 127, 'https://www.ikea.com.tw/dairyfarm/tw/images/036/1203616_PE906365_S4.webp', 0, '2025-01-26'),
(369, 128, 128, 'https://www.ikea.com.tw/dairyfarm/tw/images/655/1265558_PE927740_S4.webp', 1, '2025-01-26'),
(370, 128, 128, 'https://www.ikea.com.tw/dairyfarm/tw/images/725/1272580_PH195673_S4.webp', 0, '2025-01-26'),
(371, 128, 128, 'https://www.ikea.com.tw/dairyfarm/tw/images/474/1247405_PE922663_S4.webp', 0, '2025-01-26'),
(372, 128, 129, 'https://www.ikea.com.tw/dairyfarm/tw/images/655/1265556_PE927742_S4.webp', 1, '2025-01-26'),
(373, 128, 129, 'https://www.ikea.com.tw/dairyfarm/tw/images/725/1272579_PH195682_S4.webp', 0, '2025-01-26'),
(374, 128, 129, 'https://www.ikea.com.tw/dairyfarm/tw/images/474/1247405_PE922663_S4.webp', 0, '2025-01-26'),
(375, 130, 130, 'https://www.ikea.com.tw/dairyfarm/tw/images/559/0955982_PE804391_S4.webp', 1, '2025-01-26'),
(376, 130, 130, 'https://www.ikea.com.tw/dairyfarm/tw/images/823/0982353_PH176079_S4.webp', 0, '2025-01-26'),
(377, 130, 130, 'https://www.ikea.com.tw/dairyfarm/tw/images/554/0955424_PE803799_S4.webp', 0, '2025-01-26'),
(378, 131, 131, 'https://www.ikea.com.tw/dairyfarm/tw/images/876/0987623_PE817609_S4.webp', 1, '2025-01-26'),
(379, 131, 131, 'https://www.ikea.com.tw/dairyfarm/tw/images/498/0949801_PE800020_S4.webp', 0, '2025-01-26'),
(380, 131, 131, 'https://www.ikea.com.tw/dairyfarm/tw/images/771/0977133_PE813414_S4.webp', 0, '2025-01-26'),
(381, 131, 132, 'https://www.ikea.com.tw/dairyfarm/tw/images/830/0983032_PE815898_S4.webp', 1, '2025-01-26'),
(382, 131, 132, 'https://www.ikea.com.tw/dairyfarm/tw/images/875/0987517_PE817555_S4.webp', 0, '2025-01-26'),
(383, 131, 132, 'https://www.ikea.com.tw/dairyfarm/tw/images/771/0977133_PE813414_S4.webp', 0, '2025-01-26'),
(384, 133, 133, 'https://www.ikea.com.tw/dairyfarm/tw/images/949/1194911_PE902156_S4.webp', 1, '2025-01-26'),
(385, 133, 133, 'https://www.ikea.com.tw/dairyfarm/tw/images/949/1194910_PE902157_S4.webp', 0, '2025-01-26'),
(386, 133, 133, 'https://www.ikea.com.tw/dairyfarm/tw/images/778/1177876_PE895537_S4.webp', 0, '2025-01-26'),
(387, 134, 134, 'https://www.ikea.com.tw/dairyfarm/tw/images/759/0475920_PE615876_S4.webp', 1, '2025-01-26'),
(388, 134, 134, 'https://www.ikea.com.tw/dairyfarm/tw/images/258/0925806_PH163283_S4.webp', 0, '2025-01-26'),
(389, 134, 134, 'https://www.ikea.com.tw/dairyfarm/tw/images/316/0731681_PE738387_S4.webp', 0, '2025-01-26'),
(390, 135, 135, 'https://www.ikea.com.tw/dairyfarm/tw/images/225/1022505_PE832773_S4.webp', 1, '2025-01-27'),
(391, 135, 135, 'https://www.ikea.com.tw/dairyfarm/tw/images/225/1022506_PE832776_S4.webp', 0, '2025-01-27'),
(392, 135, 135, 'https://www.ikea.com.tw/dairyfarm/tw/images/408/1040873_PE840840_S4.webp', 0, '2025-01-27'),
(393, 136, 136, 'https://www.ikea.com.tw/dairyfarm/tw/images/225/1022509_PE832777_S4.webp', 1, '2025-01-27'),
(394, 136, 136, 'https://www.ikea.com.tw/dairyfarm/tw/images/716/1071624_PE854994_S4.webp', 0, '2025-01-27'),
(395, 136, 136, 'https://www.ikea.com.tw/dairyfarm/tw/images/408/1040872_PE840841_S4.webp', 0, '2025-01-27'),
(396, 137, 137, 'https://www.ikea.com.tw/dairyfarm/tw/images/945/1294582_PE935511_S4.webp', 1, '2025-01-27'),
(397, 137, 137, 'https://www.ikea.com.tw/dairyfarm/tw/images/056/1305607_PH197187_S4.webp', 0, '2025-01-27'),
(398, 137, 137, 'https://www.ikea.com.tw/dairyfarm/tw/images/018/1301837_PE937555_S4.webp', 0, '2025-01-27'),
(399, 138, 138, 'https://www.ikea.com.tw/dairyfarm/tw/images/446/1344610_PE949913_S4.webp', 1, '2025-01-27'),
(400, 138, 138, 'https://www.ikea.com.tw/dairyfarm/tw/images/446/1344609_PE949914_S4.webp', 0, '2025-01-27'),
(401, 138, 138, 'https://www.ikea.com.tw/dairyfarm/tw/images/316/0731682_PE738389_S4.webp', 0, '2025-01-27'),
(402, 138, 139, 'https://www.ikea.com.tw/dairyfarm/tw/images/707/0470732_PE612912_S4.webp', 1, '2025-01-27'),
(403, 138, 139, 'https://www.ikea.com.tw/dairyfarm/tw/images/368/0836821_PE709866_S4.webp', 0, '2025-01-27'),
(404, 138, 139, 'https://www.ikea.com.tw/dairyfarm/tw/images/316/0731682_PE738389_S4.webp', 0, '2025-01-27'),
(405, 138, 140, 'https://www.ikea.com.tw/dairyfarm/tw/images/983/0998388_PE823016_S4.webp', 1, '2025-01-27'),
(406, 138, 140, 'https://www.ikea.com.tw/dairyfarm/tw/images/640/1064053_PH182221_S4.webp', 0, '2025-01-27'),
(407, 138, 140, 'https://www.ikea.com.tw/dairyfarm/tw/images/316/0731682_PE738389_S4.webp', 0, '2025-01-27'),
(408, 141, 141, 'https://www.ikea.com.tw/dairyfarm/tw/images/355/0735557_PE740003_S4.webp', 1, '2025-01-27'),
(409, 141, 141, 'https://www.ikea.com.tw/dairyfarm/tw/images/359/0835986_PE601393_S4.webp', 0, '2025-01-27'),
(410, 141, 141, 'https://www.ikea.com.tw/dairyfarm/tw/images/316/0731685_PE738390_S4.webp', 0, '2025-01-27'),
(411, 142, 142, 'https://www.ikea.com.tw/dairyfarm/tw/images/290/0029048_PE251255_S4.webp', 1, '2025-01-27'),
(412, 142, 142, 'https://www.ikea.com.tw/dairyfarm/tw/images/358/0835868_PE601402_S4.webp', 0, '2025-01-27'),
(413, 142, 142, 'https://www.ikea.com.tw/dairyfarm/tw/images/316/0731688_PE738391_S4.webp', 0, '2025-01-27'),
(414, 143, 143, 'https://www.ikea.com.tw/dairyfarm/tw/images/610/1161066_PE889274_S4.webp', 1, '2025-01-27'),
(415, 143, 143, 'https://www.ikea.com.tw/dairyfarm/tw/images/610/1161064_PE889272_S4.webp', 0, '2025-01-27'),
(416, 143, 143, 'https://www.ikea.com.tw/dairyfarm/tw/images/756/1175655_PE894759_S4.webp', 0, '2025-01-27'),
(417, 144, 144, 'https://www.ikea.com.tw/dairyfarm/tw/images/776/0977659_PE813726_S4.webp', 1, '2025-01-27'),
(418, 144, 144, 'https://www.ikea.com.tw/dairyfarm/tw/images/057/1005734_PE825506_S4.webp', 0, '2025-01-27'),
(419, 145, 145, 'https://www.ikea.com.tw/dairyfarm/tw/images/776/0977666_PE813729_S4.webp', 1, '2025-01-27'),
(420, 145, 145, 'https://www.ikea.com.tw/dairyfarm/tw/images/984/0798449_PH165504_S4.webp', 0, '2025-01-27'),
(421, 145, 145, 'https://www.ikea.com.tw/dairyfarm/tw/images/167/1016786_PE830634_S4.webp', 0, '2025-01-27'),
(422, 145, 146, 'https://www.ikea.com.tw/dairyfarm/tw/images/776/0977670_PE813730_S4.webp', 1, '2025-01-27'),
(423, 145, 146, 'https://www.ikea.com.tw/dairyfarm/tw/images/955/0995567_PE821753_S4.webp', 0, '2025-01-27'),
(424, 145, 146, 'https://www.ikea.com.tw/dairyfarm/tw/images/167/1016786_PE830634_S4.webp', 0, '2025-01-27'),
(425, 144, 147, 'https://www.ikea.com.tw/dairyfarm/tw/images/776/0977658_PE813725_S4.webp', 1, '2025-01-27'),
(426, 144, 147, 'https://www.ikea.com.tw/dairyfarm/tw/images/955/0995589_PH176888_S4.webp', 0, '2025-01-27'),
(427, 144, 147, 'https://www.ikea.com.tw/dairyfarm/tw/images/057/1005734_PE825506_S4.webp', 0, '2025-01-27'),
(428, 148, 148, 'https://www.ikea.com.tw/dairyfarm/tw/images/761/0976193_PE813086_S4.webp', 1, '2025-01-27'),
(429, 148, 148, 'https://www.ikea.com.tw/dairyfarm/tw/images/284/1028458_PE835357_S4.webp', 0, '2025-01-27'),
(430, 148, 148, 'https://www.ikea.com.tw/dairyfarm/tw/images/151/1015199_PE829921_S4.webp', 0, '2025-01-27'),
(431, 148, 149, 'https://www.ikea.com.tw/dairyfarm/tw/images/761/0976192_PE813085_S4.webp', 1, '2025-01-27'),
(432, 148, 149, 'https://www.ikea.com.tw/dairyfarm/tw/images/151/1015199_PE829921_S4.webp', 0, '2025-01-27'),
(433, 150, 150, 'https://www.ikea.com.tw/dairyfarm/tw/images/097/1209744_PE909413_S4.webp', 1, '2025-01-27'),
(434, 150, 150, 'https://www.ikea.com.tw/dairyfarm/tw/images/158/1215819_PE912210_S4.webp', 0, '2025-01-27'),
(435, 150, 150, 'https://www.ikea.com.tw/dairyfarm/tw/images/323/1232317_PE916500_S4.webp', 0, '2025-01-27'),
(436, 151, 151, 'https://www.ikea.com.tw/dairyfarm/tw/images/762/0976200_PE813093_S4.webp', 1, '2025-01-27'),
(437, 151, 151, 'https://www.ikea.com.tw/dairyfarm/tw/images/284/1028459_PE835360_S4.webp', 0, '2025-01-27'),
(438, 151, 151, 'https://www.ikea.com.tw/dairyfarm/tw/images/152/1015211_PE829922_S4.webp', 0, '2025-01-27'),
(439, 152, 152, 'https://www.ikea.com.tw/dairyfarm/tw/images/359/0735967_PE740301_S4.webp', 1, '2025-01-27'),
(440, 152, 152, 'https://www.ikea.com.tw/dairyfarm/tw/images/023/0802362_PH162375_S4.webp', 0, '2025-01-27'),
(441, 152, 152, 'https://www.ikea.com.tw/dairyfarm/tw/images/268/0526854_PE645209_S4.webp', 0, '2025-01-27'),
(442, 153, 153, 'https://www.ikea.com.tw/dairyfarm/tw/images/832/0783238_PE761521_S4.webp', 1, '2025-01-27'),
(443, 153, 153, 'https://www.ikea.com.tw/dairyfarm/tw/images/353/0835318_PE778404_S4.webp', 0, '2025-01-27'),
(444, 153, 153, 'https://www.ikea.com.tw/dairyfarm/tw/images/268/0526864_PE645217_S4.webp', 0, '2025-01-27'),
(445, 154, 154, 'https://www.ikea.com.tw/dairyfarm/tw/images/360/0736007_PE740334_S4.webp', 1, '2025-01-27'),
(446, 154, 154, 'https://www.ikea.com.tw/dairyfarm/tw/images/737/0973715_PH153342_S4.webp', 0, '2025-01-27'),
(447, 154, 154, 'https://www.ikea.com.tw/dairyfarm/tw/images/166/0516668_PE640482_S4.webp', 0, '2025-01-27'),
(448, 155, 155, 'https://www.ikea.com.tw/dairyfarm/tw/images/233/1323387_PE942687_S4.webp', 1, '2025-01-27'),
(449, 155, 155, 'https://www.ikea.com.tw/dairyfarm/tw/images/309/1330971_PE945864_S4.webp', 0, '2025-01-27'),
(450, 155, 155, 'https://www.ikea.com.tw/dairyfarm/tw/images/767/1376738_PE960473_S4.webp', 0, '2025-01-27'),
(451, 156, 156, 'https://www.ikea.com.tw/dairyfarm/tw/images/557/0955767_PE804102_S4.webp', 1, '2025-01-27'),
(452, 156, 156, 'https://www.ikea.com.tw/dairyfarm/tw/images/827/0982753_PH176452_S4.webp', 0, '2025-01-27'),
(453, 156, 156, 'https://www.ikea.com.tw/dairyfarm/tw/images/557/0955706_PE803970_S4.webp', 0, '2025-01-27'),
(454, 156, 157, 'https://www.ikea.com.tw/dairyfarm/tw/images/557/0955765_PE804101_S4.webp', 1, '2025-01-27'),
(455, 156, 157, 'https://www.ikea.com.tw/dairyfarm/tw/images/594/0959496_PE806036_S4.webp', 0, '2025-01-27'),
(456, 156, 157, 'https://www.ikea.com.tw/dairyfarm/tw/images/557/0955706_PE803970_S4.webp', 0, '2025-01-27'),
(457, 158, 158, 'https://www.ikea.com.tw/dairyfarm/tw/images/626/1162629_PE889905_S4.webp', 1, '2025-01-27'),
(458, 158, 158, 'https://www.ikea.com.tw/dairyfarm/tw/images/767/1176725_PE895117_S4.webp', 0, '2025-01-27'),
(459, 158, 158, 'https://www.ikea.com.tw/dairyfarm/tw/images/271/0527138_PE645368_S4.webp', 0, '2025-01-27'),
(460, 159, 159, 'https://www.ikea.com.tw/dairyfarm/tw/images/594/1159457_PE888503_S4.webp', 1, '2025-01-27'),
(461, 159, 159, 'https://www.ikea.com.tw/dairyfarm/tw/images/594/1159458_PE888506_S4.webp', 0, '2025-01-27'),
(462, 159, 159, 'https://www.ikea.com.tw/dairyfarm/tw/images/889/1188984_PE899637_S4.webp', 0, '2025-01-27'),
(463, 160, 160, 'https://www.ikea.com.tw/dairyfarm/tw/images/594/1159443_PE888489_S4.webp', 1, '2025-01-27'),
(464, 160, 160, 'https://www.ikea.com.tw/dairyfarm/tw/images/413/1241380_PE919764_S4.webp', 0, '2025-01-27'),
(465, 160, 160, 'https://www.ikea.com.tw/dairyfarm/tw/images/889/1188984_PE899637_S4.webp', 0, '2025-01-27'),
(466, 161, 161, 'https://www.ikea.com.tw/dairyfarm/tw/images/097/1209761_PE909424_S4.webp', 1, '2025-01-27'),
(467, 161, 161, 'https://www.ikea.com.tw/dairyfarm/tw/images/160/1216026_PE912306_S4.webp', 0, '2025-01-27'),
(468, 161, 161, 'https://www.ikea.com.tw/dairyfarm/tw/images/165/1216523_PE912430_S4.webp', 0, '2025-01-27');
INSERT INTO `productimages` (`imageid`, `productid`, `colorsid`, `imageurl`, `isprimary`, `updatedat`) VALUES
(469, 162, 162, 'https://www.ikea.com.tw/dairyfarm/tw/images/220/1022006_PE832400_S4.webp', 1, '2025-01-27'),
(470, 162, 162, 'https://www.ikea.com.tw/dairyfarm/tw/images/455/1045535_PE842648_S4.webp', 0, '2025-01-27'),
(471, 163, 163, 'https://www.ikea.com.tw/dairyfarm/tw/images/224/1022431_PE832719_S4.webp', 1, '2025-01-27'),
(472, 163, 163, 'https://www.ikea.com.tw/dairyfarm/tw/images/455/1045546_PE842654_S4.webp', 0, '2025-01-27'),
(473, 164, 164, 'https://www.ikea.com.tw/dairyfarm/tw/images/055/1205588_PE907151_S4.webp', 1, '2025-01-27'),
(474, 164, 164, 'https://www.ikea.com.tw/dairyfarm/tw/images/865/1286539_PE933594_S4.webp', 0, '2025-01-27'),
(475, 164, 164, 'https://www.ikea.com.tw/dairyfarm/tw/images/154/1315415_PE940476_S4.webp', 0, '2025-01-27'),
(476, 165, 165, 'https://www.ikea.com.tw/dairyfarm/tw/images/932/1293250_PE935138_S4.webp', 1, '2025-01-27'),
(477, 165, 165, 'https://www.ikea.com.tw/dairyfarm/tw/images/551/1355177_PE952949_S4.webp', 0, '2025-01-27'),
(478, 165, 165, 'https://www.ikea.com.tw/dairyfarm/tw/images/416/1341696_PE948870_S4.webp', 0, '2025-01-27'),
(479, 166, 166, 'https://www.ikea.com.tw/dairyfarm/tw/images/932/1293258_PE935140_S4.webp', 1, '2025-01-27'),
(480, 166, 166, 'https://www.ikea.com.tw/dairyfarm/tw/images/551/1355175_PE952948_S4.webp', 0, '2025-01-27'),
(481, 166, 166, 'https://www.ikea.com.tw/dairyfarm/tw/images/417/1341700_PE948872_S4.webp', 0, '2025-01-27'),
(482, 167, 167, 'https://www.ikea.com.tw/dairyfarm/tw/images/055/1205579_PE907149_S4.webp', 1, '2025-01-27'),
(483, 167, 167, 'https://www.ikea.com.tw/dairyfarm/tw/images/745/1274579_PE930403_S4.webp', 0, '2025-01-27'),
(484, 167, 167, 'https://www.ikea.com.tw/dairyfarm/tw/images/154/1315415_PE940476_S4.webp', 0, '2025-01-27'),
(485, 168, 168, 'https://www.ikea.com.tw/dairyfarm/tw/images/361/0636175_PE697696_S4.webp', 1, '2025-01-27'),
(486, 168, 168, 'https://www.ikea.com.tw/dairyfarm/tw/images/240/1124014_PE874968_S4.webp', 0, '2025-01-27'),
(487, 168, 168, 'https://www.ikea.com.tw/dairyfarm/tw/images/858/0685806_PE721491_S4.webp', 0, '2025-01-27'),
(488, 169, 169, 'https://www.ikea.com.tw/dairyfarm/tw/images/109/1210944_PE909896_S4.webp', 1, '2025-01-27'),
(489, 169, 169, 'https://www.ikea.com.tw/dairyfarm/tw/images/746/1274626_PE930431_S4.webp', 0, '2025-01-27'),
(490, 169, 169, 'https://www.ikea.com.tw/dairyfarm/tw/images/175/1317505_PE940678_S4.webp', 0, '2025-01-27'),
(491, 170, 170, 'https://www.ikea.com.tw/dairyfarm/tw/images/594/1159429_PE888476_S4.webp', 1, '2025-01-27'),
(492, 170, 170, 'https://www.ikea.com.tw/dairyfarm/tw/images/920/1192086_PH191574_S4.webp', 0, '2025-01-27'),
(493, 170, 170, 'https://www.ikea.com.tw/dairyfarm/tw/images/674/1167477_PE891584_S4.webp', 0, '2025-01-27'),
(494, 171, 171, 'https://www.ikea.com.tw/dairyfarm/tw/images/094/1209453_PE909230_S4.webp', 1, '2025-01-27'),
(495, 171, 171, 'https://www.ikea.com.tw/dairyfarm/tw/images/746/1274656_PE930457_S4.webp', 0, '2025-01-27'),
(496, 171, 171, 'https://www.ikea.com.tw/dairyfarm/tw/images/177/1317795_PE940711_S4.webp', 0, '2025-01-27'),
(497, 172, 172, 'https://www.ikea.com.tw/dairyfarm/tw/images/109/1210946_PE909898_S4.webp', 1, '2025-01-27'),
(498, 172, 172, 'https://www.ikea.com.tw/dairyfarm/tw/images/746/1274614_PE930425_S4.webp', 0, '2025-01-27'),
(499, 172, 172, 'https://www.ikea.com.tw/dairyfarm/tw/images/175/1317505_PE940678_S4.webp', 0, '2025-01-27'),
(500, 171, 173, 'https://www.ikea.com.tw/dairyfarm/tw/images/094/1209445_PE909222_S4.webp', 1, '2025-01-27'),
(501, 171, 173, 'https://www.ikea.com.tw/dairyfarm/tw/images/746/1274650_PE930454_S4.webp', 0, '2025-01-27'),
(502, 171, 173, 'https://www.ikea.com.tw/dairyfarm/tw/images/177/1317795_PE940711_S4.webp', 0, '2025-01-27'),
(503, 174, 174, 'https://www.ikea.com.tw/dairyfarm/tw/images/137/1113739_PE871520_S4.webp', 1, '2025-01-27'),
(504, 174, 174, 'https://www.ikea.com.tw/dairyfarm/tw/images/137/1113740_PE871521_S4.webp', 0, '2025-01-27'),
(505, 174, 174, 'https://www.ikea.com.tw/dairyfarm/tw/images/419/1141942_PE881106_S4.webp', 0, '2025-01-27'),
(506, 175, 175, 'https://www.ikea.com.tw/dairyfarm/tw/images/561/1156110_PE886912_S4.webp', 1, '2025-01-27'),
(507, 175, 175, 'https://www.ikea.com.tw/dairyfarm/tw/images/561/1156107_PE886909_S4.webp', 0, '2025-01-27'),
(508, 175, 175, 'https://www.ikea.com.tw/dairyfarm/tw/images/232/1123283_PE874752_S4.webp', 0, '2025-01-27'),
(509, 176, 176, 'https://www.ikea.com.tw/dairyfarm/tw/images/282/0728288_PE736165_S4.webp', 1, '2025-01-27'),
(510, 176, 176, 'https://www.ikea.com.tw/dairyfarm/tw/images/191/0719172_PE731899_S4.webp', 0, '2025-01-27'),
(511, 176, 176, 'https://www.ikea.com.tw/dairyfarm/tw/images/477/0947751_PE798632_S4.webp', 0, '2025-01-27'),
(512, 176, 177, 'https://www.ikea.com.tw/dairyfarm/tw/images/283/0728310_PE736178_S4.webp', 1, '2025-01-27'),
(513, 176, 177, 'https://www.ikea.com.tw/dairyfarm/tw/images/976/1097693_PE865082_S4.webp', 0, '2025-01-27'),
(514, 176, 177, 'https://www.ikea.com.tw/dairyfarm/tw/images/477/0947751_PE798632_S4.webp', 0, '2025-01-27'),
(515, 178, 178, 'https://www.ikea.com.tw/dairyfarm/tw/images/765/0976575_PE813285_S4.webp', 1, '2025-01-27'),
(516, 178, 178, 'https://www.ikea.com.tw/dairyfarm/tw/images/268/0926870_PE789559_S4.webp', 0, '2025-01-27'),
(517, 178, 178, 'https://www.ikea.com.tw/dairyfarm/tw/images/952/0995230_PE821629_S4.webp', 0, '2025-01-27'),
(518, 178, 179, 'https://www.ikea.com.tw/dairyfarm/tw/images/268/0926877_PE789566_S4.webp', 1, '2025-01-27'),
(519, 178, 179, 'https://www.ikea.com.tw/dairyfarm/tw/images/463/0946318_PH172952_S4.webp', 0, '2025-01-27'),
(520, 178, 179, 'https://www.ikea.com.tw/dairyfarm/tw/images/952/0995228_PE821627_S4.webp', 0, '2025-01-27'),
(521, 180, 180, 'https://www.ikea.com.tw/dairyfarm/tw/images/681/1068137_PE852981_S4.webp', 0, '2025-01-27'),
(522, 180, 180, 'https://www.ikea.com.tw/dairyfarm/tw/images/681/1068134_PE852980_S4.webp', 0, '2025-01-27'),
(523, 180, 180, 'https://www.ikea.com.tw/dairyfarm/tw/images/859/1085963_PE860285_S4.webp', 1, '2025-01-27'),
(524, 181, 181, 'https://www.ikea.com.tw/dairyfarm/tw/images/163/1016338_PE830329_S4.webp', 1, '2025-01-27'),
(525, 181, 181, 'https://www.ikea.com.tw/dairyfarm/tw/images/805/1080559_PE858068_S4.webp', 0, '2025-01-27'),
(526, 181, 181, 'https://www.ikea.com.tw/dairyfarm/tw/images/280/1028051_PE835191_S4.webp', 0, '2025-01-27'),
(527, 182, 182, 'https://www.ikea.com.tw/dairyfarm/tw/images/848/1184815_PE898079_S4.webp', 0, '2025-01-27'),
(528, 182, 182, 'https://www.ikea.com.tw/dairyfarm/tw/images/930/1193057_PE901326_S4.webp', 0, '2025-01-27'),
(529, 182, 182, 'https://www.ikea.com.tw/dairyfarm/tw/images/941/1194180_PE901853_S4.webp', 1, '2025-01-27'),
(530, 182, 183, 'https://www.ikea.com.tw/dairyfarm/tw/images/847/1184759_PE898077_S4.webp', 1, '2025-01-27'),
(531, 182, 183, 'https://www.ikea.com.tw/dairyfarm/tw/images/993/1199306_PE904424_S4.webp', 0, '2025-01-27'),
(532, 182, 183, 'https://www.ikea.com.tw/dairyfarm/tw/images/941/1194180_PE901853_S4.webp', 0, '2025-01-27'),
(533, 184, 184, 'https://www.ikea.com.tw/dairyfarm/tw/images/287/0728703_PE736412_S4.webp', 0, '2025-01-27'),
(534, 184, 184, 'https://www.ikea.com.tw/dairyfarm/tw/images/251/0325123_PE518022_S4.webp', 0, '2025-01-27'),
(535, 184, 184, 'https://www.ikea.com.tw/dairyfarm/tw/images/877/0587742_PE672753_S4.webp', 1, '2025-01-27'),
(536, 185, 185, 'https://www.ikea.com.tw/dairyfarm/tw/images/240/1124098_PE875013_S4.webp', 1, '2025-01-27'),
(537, 185, 185, 'https://www.ikea.com.tw/dairyfarm/tw/images/240/1124097_PE875010_S4.webp', 0, '2025-01-27'),
(538, 185, 185, 'https://www.ikea.com.tw/dairyfarm/tw/images/242/1124209_PE875072_S4.webp', 0, '2025-01-27'),
(539, 184, 186, 'https://www.ikea.com.tw/dairyfarm/tw/images/020/0602041_PE680112_S4.webp', 0, '2025-01-27'),
(540, 184, 186, 'https://www.ikea.com.tw/dairyfarm/tw/images/425/0842508_PE680106_S4.webp', 0, '2025-01-27'),
(541, 184, 186, 'https://www.ikea.com.tw/dairyfarm/tw/images/877/0587742_PE672753_S4.webp', 1, '2025-01-27'),
(542, 187, 187, 'https://www.ikea.com.tw/dairyfarm/tw/images/207/1320722_PE941328_S4.webp', 1, '2025-01-27'),
(543, 187, 187, 'https://www.ikea.com.tw/dairyfarm/tw/images/207/1320719_PE941331_S4.webp', 0, '2025-01-27'),
(544, 187, 187, 'https://www.ikea.com.tw/dairyfarm/tw/images/256/1325626_PE943968_S4.webp', 0, '2025-01-27'),
(545, 187, 188, 'https://www.ikea.com.tw/dairyfarm/tw/images/207/1320736_PE941339_S4.webp', 0, '2025-01-27'),
(546, 187, 188, 'https://www.ikea.com.tw/dairyfarm/tw/images/207/1320732_PE941337_S4.webp', 0, '2025-01-27'),
(547, 187, 188, 'https://www.ikea.com.tw/dairyfarm/tw/images/256/1325626_PE943968_S4.webp', 1, '2025-01-27'),
(548, 189, 189, 'https://www.ikea.com.tw/dairyfarm/tw/images/072/1007236_PE825956_S4.webp', 1, '2025-01-27'),
(549, 189, 189, 'https://www.ikea.com.tw/dairyfarm/tw/images/805/1080598_PE858088_S4.webp', 0, '2025-01-27'),
(550, 189, 189, 'https://www.ikea.com.tw/dairyfarm/tw/images/093/1009349_PE835293_S4.webp', 0, '2025-01-27'),
(551, 190, 190, 'https://www.ikea.com.tw/dairyfarm/tw/images/072/1007241_PE825960_S4.webp', 0, '2025-01-27'),
(552, 190, 190, 'https://www.ikea.com.tw/dairyfarm/tw/images/213/1121378_PE874225_S4.webp', 0, '2025-01-27'),
(553, 190, 190, 'https://www.ikea.com.tw/dairyfarm/tw/images/093/1009342_PE827553_S4.webp', 1, '2025-01-27'),
(554, 190, 191, 'https://www.ikea.com.tw/dairyfarm/tw/images/383/1338383_PE948288_S4.webp', 1, '2025-01-27'),
(555, 190, 191, 'https://www.ikea.com.tw/dairyfarm/tw/images/383/1338390_PE948289_S4.webp', 0, '2025-01-27'),
(556, 190, 191, 'https://www.ikea.com.tw/dairyfarm/tw/images/093/1009342_PE827553_S4.webp', 0, '2025-01-27'),
(557, 190, 192, 'https://www.ikea.com.tw/dairyfarm/tw/images/072/1007238_PE825958_S4.webp', 0, '2025-01-27'),
(558, 190, 192, 'https://www.ikea.com.tw/dairyfarm/tw/images/213/1121377_PE874224_S4.webp', 0, '2025-01-27'),
(559, 190, 192, 'https://www.ikea.com.tw/dairyfarm/tw/images/093/1009342_PE827553_S4.webp', 1, '2025-01-27'),
(560, 189, 193, 'https://www.ikea.com.tw/dairyfarm/tw/images/071/1007198_PE825954_S4.webp', 1, '2025-01-27'),
(561, 189, 193, 'https://www.ikea.com.tw/dairyfarm/tw/images/602/1160255_PE888830_S4.webp', 0, '2025-01-27'),
(562, 189, 193, 'https://www.ikea.com.tw/dairyfarm/tw/images/093/1009349_PE835293_S4.webp', 0, '2025-01-27'),
(563, 194, 194, 'https://www.ikea.com.tw/dairyfarm/tw/images/193/1019337_PE951802_S4.webp', 0, '2025-01-27'),
(564, 194, 194, 'https://www.ikea.com.tw/dairyfarm/tw/images/463/1046390_PH180886_S4.webp', 0, '2025-01-27'),
(565, 194, 194, 'https://www.ikea.com.tw/dairyfarm/tw/images/396/1039672_PE840417_S4.webp', 1, '2025-01-27'),
(566, 195, 195, 'https://www.ikea.com.tw/dairyfarm/tw/images/489/1248931_PE923288_S4.webp', 1, '2025-01-27'),
(567, 195, 195, 'https://www.ikea.com.tw/dairyfarm/tw/images/360/1236054_PE917426_S4.webp', 0, '2025-01-27'),
(568, 195, 195, 'https://www.ikea.com.tw/dairyfarm/tw/images/974/0997487_PE822685_S4.webp', 0, '2025-01-27'),
(569, 195, 196, 'https://www.ikea.com.tw/dairyfarm/tw/images/974/0997487_PE822685_S4.webp', 0, '2025-01-27'),
(570, 195, 196, 'https://www.ikea.com.tw/dairyfarm/tw/images/978/0997854_PE822828_S4.webp', 0, '2025-01-27'),
(571, 195, 196, 'https://www.ikea.com.tw/dairyfarm/tw/images/856/0985645_PE816716_S4.webp', 1, '2025-01-27'),
(572, 197, 197, 'https://www.ikea.com.tw/dairyfarm/tw/images/686/1368691_PE957864_S4.webp', 1, '2025-01-27'),
(573, 197, 197, 'https://www.ikea.com.tw/dairyfarm/tw/images/686/1368690_PE957869_S4.webp', 0, '2025-01-27'),
(574, 197, 197, 'https://www.ikea.com.tw/dairyfarm/tw/images/589/1358995_PE954034_S4.webp', 0, '2025-01-27'),
(575, 198, 198, 'https://www.ikea.com.tw/dairyfarm/tw/images/190/1119093_PE873300_S4.webp', 0, '2025-01-27'),
(576, 198, 198, 'https://www.ikea.com.tw/dairyfarm/tw/images/388/1138811_PE880090_S4.webp', 0, '2025-01-27'),
(577, 198, 198, 'https://www.ikea.com.tw/dairyfarm/tw/images/153/1115362_PE872046_S4.webp', 1, '2025-01-27'),
(578, 199, 199, 'https://www.ikea.com.tw/dairyfarm/tw/images/481/0948110_PE798867_S4.webp', 1, '2025-01-27'),
(579, 199, 199, 'https://www.ikea.com.tw/dairyfarm/tw/images/481/0948114_PE798869_S4.webp', 0, '2025-01-27'),
(580, 199, 199, 'https://www.ikea.com.tw/dairyfarm/tw/images/951/0995146_PE821591_S4.webp', 0, '2025-01-27'),
(581, 200, 200, 'https://www.ikea.com.tw/dairyfarm/tw/images/481/0948118_PE798873_S4.webp', 0, '2025-01-27'),
(582, 200, 200, 'https://www.ikea.com.tw/dairyfarm/tw/images/481/0948119_PE798874_S4.webp', 0, '2025-01-27'),
(583, 200, 200, 'https://www.ikea.com.tw/dairyfarm/tw/images/951/0995147_PE821590_S4.webp', 1, '2025-01-27'),
(584, 201, 201, 'https://www.ikea.com.tw/dairyfarm/tw/images/274/0727489_PE735714_S4.webp', 1, '2025-01-27'),
(585, 201, 201, 'https://www.ikea.com.tw/dairyfarm/tw/images/739/0873922_PE680516_S4.webp', 0, '2025-01-27'),
(586, 201, 201, 'https://www.ikea.com.tw/dairyfarm/tw/images/957/0995743_PE821835_S4.webp', 0, '2025-01-27'),
(587, 201, 202, 'https://www.ikea.com.tw/dairyfarm/tw/images/274/0727485_PE735710_S4.webp', 0, '2025-01-27'),
(588, 201, 202, 'https://www.ikea.com.tw/dairyfarm/tw/images/745/0874580_PE680502_S4.webp', 0, '2025-01-27'),
(589, 201, 202, 'https://www.ikea.com.tw/dairyfarm/tw/images/957/0995743_PE821835_S4.webp', 1, '2025-01-27'),
(590, 203, 203, 'https://www.ikea.com.tw/dairyfarm/tw/images/274/0727487_PE735712_S4.webp', 1, '2025-01-27'),
(591, 203, 203, 'https://www.ikea.com.tw/dairyfarm/tw/images/745/0874546_PE680514_S4.webp', 0, '2025-01-27'),
(592, 203, 203, 'https://www.ikea.com.tw/dairyfarm/tw/images/957/0995757_PE821837_S4.webp', 0, '2025-01-27'),
(593, 204, 204, 'https://www.ikea.com.tw/dairyfarm/tw/images/027/0802778_PE768589_S4.webp', 0, '2025-01-27'),
(594, 204, 204, 'https://www.ikea.com.tw/dairyfarm/tw/images/027/0802777_PE768590_S4.webp', 0, '2025-01-27'),
(595, 204, 204, 'https://www.ikea.com.tw/dairyfarm/tw/images/421/1342162_PE949011_S4.webp', 1, '2025-01-27'),
(596, 204, 205, 'https://www.ikea.com.tw/dairyfarm/tw/images/801/0780171_PE767765_S4.webp', 1, '2025-01-27'),
(597, 204, 205, 'https://www.ikea.com.tw/dairyfarm/tw/images/812/0781222_PE760579_S4.webp', 0, '2025-01-27'),
(598, 204, 205, 'https://www.ikea.com.tw/dairyfarm/tw/images/421/1342162_PE949011_S4.webp', 0, '2025-01-27'),
(599, 206, 206, 'https://www.ikea.com.tw/dairyfarm/tw/images/095/1109579_PE870069_S4.webp', 0, '2025-01-27'),
(600, 206, 206, 'https://www.ikea.com.tw/dairyfarm/tw/images/398/1139828_PE880475_S4.webp', 0, '2025-01-27'),
(601, 206, 206, 'https://www.ikea.com.tw/dairyfarm/tw/images/619/1161932_PE889588_S4.webp', 1, '2025-01-27'),
(602, 207, 207, 'https://www.ikea.com.tw/dairyfarm/tw/images/095/1109582_PE870070_S4.webp', 1, '2025-01-27'),
(603, 207, 207, 'https://www.ikea.com.tw/dairyfarm/tw/images/398/1139830_PE880476_S4.webp', 0, '2025-01-27'),
(604, 207, 207, 'https://www.ikea.com.tw/dairyfarm/tw/images/619/1161932_PE889588_S4.webp', 0, '2025-01-27'),
(605, 208, 208, 'https://www.ikea.com.tw/dairyfarm/tw/images/496/0949695_PE799954_S4.webp', 1, '2025-01-27'),
(606, 208, 208, 'https://www.ikea.com.tw/dairyfarm/tw/images/496/0949696_PE799955_S4.webp', 0, '2025-01-27'),
(607, 208, 208, 'https://www.ikea.com.tw/dairyfarm/tw/images/599/1059909_PE849789_S4.webp', 0, '2025-01-27'),
(608, 209, 209, 'https://www.ikea.com.tw/dairyfarm/tw/images/508/0950864_PE800736_S4.webp', 1, '2025-01-27'),
(609, 209, 209, 'https://www.ikea.com.tw/dairyfarm/tw/images/595/1059523_PH180677_S4.webp', 0, '2025-01-27'),
(610, 209, 209, 'https://www.ikea.com.tw/dairyfarm/tw/images/835/0983590_PE816016_S4.webp', 0, '2025-01-27'),
(611, 209, 210, 'https://www.ikea.com.tw/dairyfarm/tw/images/509/0950900_PE800740_S4.webp', 1, '2025-01-27'),
(612, 209, 210, 'https://www.ikea.com.tw/dairyfarm/tw/images/873/0987359_PE817504_S4.webp', 0, '2025-01-27'),
(613, 209, 210, 'https://www.ikea.com.tw/dairyfarm/tw/images/835/0983590_PE816016_S4.webp', 0, '2025-01-27'),
(614, 211, 211, 'https://www.ikea.com.tw/dairyfarm/tw/images/419/1041903_PE841183_S4.webp', 1, '2025-01-27'),
(615, 211, 211, 'https://www.ikea.com.tw/dairyfarm/tw/images/858/0985836_PE816822_S4.webp', 0, '2025-01-27'),
(616, 211, 211, 'https://www.ikea.com.tw/dairyfarm/tw/images/087/1108789_PE869618_S4.webp', 0, '2025-01-27'),
(617, 211, 212, 'https://www.ikea.com.tw/dairyfarm/tw/images/419/1041900_PE841180_S4.webp', 1, '2025-01-27'),
(618, 211, 212, 'https://www.ikea.com.tw/dairyfarm/tw/images/345/1134558_PE878804_S4.webp', 0, '2025-01-27'),
(619, 211, 212, 'https://www.ikea.com.tw/dairyfarm/tw/images/087/1108789_PE869618_S4.webp', 0, '2025-01-27'),
(620, 213, 213, 'https://www.ikea.com.tw/dairyfarm/tw/images/105/1110542_PE870510_S4.webp', 1, '2025-01-27'),
(621, 213, 213, 'https://www.ikea.com.tw/dairyfarm/tw/images/214/1121425_PE874355_S4.webp', 0, '2025-01-27'),
(622, 213, 213, 'https://www.ikea.com.tw/dairyfarm/tw/images/063/1106385_PE868720_S4.webp', 0, '2025-01-27'),
(623, 214, 214, 'https://www.ikea.com.tw/dairyfarm/tw/images/561/1056147_PE848280_S4.webp', 1, '2025-01-27'),
(624, 214, 214, 'https://www.ikea.com.tw/dairyfarm/tw/images/561/1056146_PE848281_S4.webp', 0, '2025-01-27'),
(625, 214, 214, 'https://www.ikea.com.tw/dairyfarm/tw/images/009/1300925_PE937216_S4.webp', 0, '2025-01-27'),
(626, 215, 215, 'https://www.ikea.com.tw/dairyfarm/tw/images/419/1041908_PE841188_S4.webp', 1, '2025-01-27'),
(627, 215, 215, 'https://www.ikea.com.tw/dairyfarm/tw/images/501/0950140_PE800160_S4.webp', 0, '2025-01-27'),
(628, 215, 215, 'https://www.ikea.com.tw/dairyfarm/tw/images/087/1108788_PE869619_S4.webp', 0, '2025-01-27'),
(629, 216, 216, 'https://www.ikea.com.tw/dairyfarm/tw/images/670/1067056_PE852645_S4.webp', 1, '2025-01-27'),
(630, 216, 216, 'https://www.ikea.com.tw/dairyfarm/tw/images/670/1067058_PE852646_S4.webp', 0, '2025-01-27'),
(631, 216, 216, 'https://www.ikea.com.tw/dairyfarm/tw/images/726/1072602_PE855196_S4.webp', 0, '2025-01-27'),
(632, 217, 217, 'https://www.ikea.com.tw/dairyfarm/tw/images/520/0952030_PE801516_S4.webp', 1, '2025-01-27'),
(633, 217, 217, 'https://www.ikea.com.tw/dairyfarm/tw/images/518/0951834_PE801380_S4.webp', 0, '2025-01-27'),
(634, 217, 217, 'https://www.ikea.com.tw/dairyfarm/tw/images/190/1019036_PE831247_S4.webp', 0, '2025-01-27'),
(635, 218, 218, 'https://www.ikea.com.tw/dairyfarm/tw/images/241/1124123_PE875030_S4.webp', 1, '2025-01-27'),
(636, 218, 218, 'https://www.ikea.com.tw/dairyfarm/tw/images/241/1124121_PE875025_S4.webp', 0, '2025-01-27'),
(637, 218, 218, 'https://www.ikea.com.tw/dairyfarm/tw/images/009/1300925_PE937216_S4.webp', 0, '2025-01-27'),
(638, 219, 219, 'https://www.ikea.com.tw/dairyfarm/tw/images/502/1150244_PE884434_S4.webp', 1, '2025-01-27'),
(639, 219, 219, 'https://www.ikea.com.tw/dairyfarm/tw/images/530/1153057_PE885556_S4.webp', 0, '2025-01-27'),
(640, 220, 220, 'https://www.ikea.com.tw/dairyfarm/tw/images/130/0613036_PE686128_S4.webp', 1, '2025-01-27'),
(641, 220, 220, 'https://www.ikea.com.tw/dairyfarm/tw/images/804/0880482_PE653060_S4.webp', 1, '2025-01-27'),
(642, 221, 221, 'https://www.ikea.com.tw/dairyfarm/tw/images/087/1008759_PE827313_S4.webp', 1, '2025-01-27'),
(643, 221, 221, 'https://www.ikea.com.tw/dairyfarm/tw/images/087/1008760_PE827315_S4.webp', 0, '2025-01-27'),
(644, 222, 222, 'https://www.ikea.com.tw/dairyfarm/tw/images/452/0545277_PE655373_S4.webp', 1, '2025-01-27'),
(645, 222, 222, 'https://www.ikea.com.tw/dairyfarm/tw/images/906/1190674_PE900258_S4.webp', 0, '2025-01-27'),
(646, 223, 223, 'https://www.ikea.com.tw/dairyfarm/tw/images/103/1210381_PE909695_S4.webp', 1, '2025-01-27'),
(647, 223, 223, 'https://www.ikea.com.tw/dairyfarm/tw/images/103/1210380_PE909696_S4.webp', 0, '2025-01-27'),
(648, 224, 224, 'https://www.ikea.com.tw/dairyfarm/tw/images/035/0703502_PE724751_S4.webp', 1, '2025-01-27'),
(649, 224, 224, 'https://www.ikea.com.tw/dairyfarm/tw/images/283/1028313_PH177478_S4.webp', 0, '2025-01-27'),
(650, 225, 225, 'https://www.ikea.com.tw/dairyfarm/tw/images/092/0609296_PE684433_S4.webp', 1, '2025-01-27'),
(651, 225, 225, 'https://www.ikea.com.tw/dairyfarm/tw/images/792/0879261_PE614877_S4.webp', 0, '2025-01-27'),
(652, 226, 226, 'https://www.ikea.com.tw/dairyfarm/tw/images/694/0869469_PE781440_S4.webp', 1, '2025-01-27'),
(653, 226, 226, 'https://www.ikea.com.tw/dairyfarm/tw/images/325/0832544_PE777700_S4.webp', 0, '2025-01-27'),
(654, 227, 227, 'https://www.ikea.com.tw/dairyfarm/tw/images/493/1149363_PE883977_S4.webp', 1, '2025-01-27'),
(655, 227, 227, 'https://www.ikea.com.tw/dairyfarm/tw/images/994/1299483_PE936577_S4.webp', 0, '2025-01-27'),
(656, 228, 228, 'https://www.ikea.com.tw/dairyfarm/tw/images/560/0556021_PE660379_S4.webp', 1, '2025-01-27'),
(657, 228, 228, 'https://www.ikea.com.tw/dairyfarm/tw/images/794/0879423_PE660383_S4.webp', 0, '2025-01-27'),
(658, 229, 229, 'https://www.ikea.com.tw/dairyfarm/tw/images/162/0716259_PE730767_S4.webp', 1, '2025-01-27'),
(659, 229, 229, 'https://www.ikea.com.tw/dairyfarm/tw/images/057/0805756_PE769690_S4.webp', 0, '2025-01-27'),
(660, 230, 230, 'https://www.ikea.com.tw/dairyfarm/tw/images/422/0842280_PE778928_S4.webp', 1, '2025-01-27'),
(661, 230, 230, 'https://www.ikea.com.tw/dairyfarm/tw/images/422/0842281_PE778930_S4.webp', 0, '2025-01-27'),
(662, 231, 231, 'https://www.ikea.com.tw/dairyfarm/tw/images/560/0556059_PE660485_S4.webp', 1, '2025-01-27'),
(663, 231, 231, 'https://www.ikea.com.tw/dairyfarm/tw/images/792/0879229_PE672060_S4.webp', 0, '2025-01-27'),
(664, 232, 232, 'https://www.ikea.com.tw/dairyfarm/tw/images/889/1088958_PE861332_S4.webp', 1, '2025-01-27'),
(665, 232, 232, 'https://www.ikea.com.tw/dairyfarm/tw/images/889/1088963_PE861335_S4.webp', 0, '2025-01-27'),
(666, 233, 233, 'https://www.ikea.com.tw/dairyfarm/tw/images/550/0655004_PE708894_S4.webp', 1, '2025-01-27'),
(667, 233, 233, 'https://www.ikea.com.tw/dairyfarm/tw/images/019/1101955_PE866881_S4.webp', 0, '2025-01-27'),
(668, 233, 233, 'https://www.ikea.com.tw/dairyfarm/tw/images/089/1208950_PE908923_S4.webp', 0, '2025-01-27'),
(669, 234, 234, 'https://www.ikea.com.tw/dairyfarm/tw/images/511/1051170_PE845036_S4.webp', 1, '2025-01-27'),
(670, 234, 234, 'https://www.ikea.com.tw/dairyfarm/tw/images/019/1101932_PE866860_S4.webp', 0, '2025-01-27'),
(671, 234, 234, 'https://www.ikea.com.tw/dairyfarm/tw/images/089/1208946_PE908919_S4.webp', 0, '2025-01-27'),
(672, 235, 235, 'https://www.ikea.com.tw/dairyfarm/tw/images/376/0637611_PE698421_S4.webp', 1, '2025-01-27'),
(673, 235, 235, 'https://www.ikea.com.tw/dairyfarm/tw/images/020/1102036_PE866857_S4.webp', 0, '2025-01-27'),
(674, 235, 235, 'https://www.ikea.com.tw/dairyfarm/tw/images/089/1208957_PE908924_S4.webp', 0, '2025-01-27'),
(675, 236, 236, 'https://www.ikea.com.tw/dairyfarm/tw/images/491/0749127_PE745496_S4.webp', 1, '2025-01-27'),
(676, 236, 236, 'https://www.ikea.com.tw/dairyfarm/tw/images/544/1154455_PE886061_S4.webp', 0, '2025-01-27'),
(677, 236, 236, 'https://www.ikea.com.tw/dairyfarm/tw/images/226/0722662_PE733687_S4.webp', 0, '2025-01-27'),
(678, 237, 237, 'https://www.ikea.com.tw/dairyfarm/tw/images/815/1181577_PE896708_S4.webp', 1, '2025-01-27'),
(679, 237, 237, 'https://www.ikea.com.tw/dairyfarm/tw/images/882/1188208_PE899417_S4.webp', 0, '2025-01-27'),
(680, 237, 237, 'https://www.ikea.com.tw/dairyfarm/tw/images/789/1178936_PE895785_S4.webp', 0, '2025-01-27'),
(681, 238, 238, 'https://www.ikea.com.tw/dairyfarm/tw/images/866/0986609_PE818096_S4.webp', 1, '2025-01-27'),
(682, 238, 238, 'https://www.ikea.com.tw/dairyfarm/tw/images/505/1150599_PE884637_S4.webp', 0, '2025-01-27'),
(683, 238, 238, 'https://www.ikea.com.tw/dairyfarm/tw/images/243/1024307_PE835847_S4.webp', 0, '2025-01-27'),
(684, 239, 239, 'https://www.ikea.com.tw/dairyfarm/tw/images/508/1150857_PE884903_S4.webp', 1, '2025-01-27'),
(685, 239, 239, 'https://www.ikea.com.tw/dairyfarm/tw/images/444/1044460_PE842180_S4.webp', 0, '2025-01-27'),
(686, 239, 239, 'https://www.ikea.com.tw/dairyfarm/tw/images/990/1099005_PE865596_S4.webp', 0, '2025-01-27'),
(687, 240, 240, 'https://www.ikea.com.tw/dairyfarm/tw/images/508/1150860_PE884902_S4.webp', 1, '2025-01-27'),
(688, 240, 240, 'https://www.ikea.com.tw/dairyfarm/tw/images/711/1071100_PE854862_S4.webp', 0, '2025-01-27'),
(689, 240, 240, 'https://www.ikea.com.tw/dairyfarm/tw/images/248/1124859_PE875301_S4.webp', 0, '2025-01-27'),
(690, 241, 241, 'https://www.ikea.com.tw/dairyfarm/tw/images/673/1167322_PE891522_S4.webp', 1, '2025-01-27'),
(691, 241, 241, 'https://www.ikea.com.tw/dairyfarm/tw/images/171/1217181_PE912601_S4.webp', 0, '2025-01-27'),
(692, 241, 241, 'https://www.ikea.com.tw/dairyfarm/tw/images/349/1234915_PE917258_S4.webp', 0, '2025-01-27'),
(693, 242, 242, 'https://www.ikea.com.tw/dairyfarm/tw/images/432/1243291_PE920553_S4.webp', 1, '2025-01-27'),
(694, 242, 242, 'https://www.ikea.com.tw/dairyfarm/tw/images/432/1243286_PE920550_S4.webp', 1, '2025-01-27'),
(695, 242, 242, 'https://www.ikea.com.tw/dairyfarm/tw/images/commons/1698890872_10578656_S4.webp', 1, '2025-01-27'),
(696, 243, 243, 'https://www.ikea.com.tw/dairyfarm/tw/images/604/0760436_PE750724_S4.webp', 1, '2025-01-27'),
(697, 243, 243, 'https://www.ikea.com.tw/dairyfarm/tw/images/393/0739384_PE750729_S4.webp', 0, '2025-01-27'),
(698, 244, 244, 'https://www.ikea.com.tw/dairyfarm/tw/images/040/0604097_PE681038_S4.webp', 1, '2025-01-27'),
(699, 244, 244, 'https://www.ikea.com.tw/dairyfarm/tw/images/343/1034324_PE837644_S4.webp', 0, '2025-01-27'),
(700, 245, 245, 'https://www.ikea.com.tw/dairyfarm/tw/images/883/0788307_PE763566_S4.webp', 1, '2025-01-27'),
(701, 245, 245, 'https://www.ikea.com.tw/dairyfarm/tw/images/571/1257156_PH178491_S4.webp', 0, '2025-01-27'),
(702, 246, 246, 'https://www.ikea.com.tw/dairyfarm/tw/images/886/0788614_PE763666_S4.webp', 1, '2025-01-27'),
(703, 246, 246, 'https://www.ikea.com.tw/dairyfarm/tw/images/668/1166870_PE891309_S2.webp', 0, '2025-01-27'),
(704, 247, 247, 'https://www.ikea.com.tw/dairyfarm/tw/images/922/0792296_PE764700_S4.webp', 1, '2025-01-27'),
(705, 247, 247, 'https://www.ikea.com.tw/dairyfarm/tw/images/795/1079571_PH182650_S4.webp', 0, '2025-01-27'),
(706, 248, 248, 'https://www.ikea.com.tw/dairyfarm/tw/images/225/0722542_PE733642_S4.webp', 1, '2025-01-27'),
(707, 248, 248, 'https://www.ikea.com.tw/dairyfarm/tw/images/957/0795713_PH162857_S4.webp', 0, '2025-01-27'),
(708, 249, 249, 'https://www.ikea.com.tw/dairyfarm/tw/images/728/0772861_PE756185_S4.webp', 1, '2025-01-27'),
(709, 249, 249, 'https://www.ikea.com.tw/dairyfarm/tw/images/842/0984287_PE816209_S4.webp', 0, '2025-01-27'),
(710, 250, 250, 'https://www.ikea.com.tw/dairyfarm/tw/images/144/1014412_PE829650_S4.webp', 1, '2025-01-27'),
(711, 250, 250, 'https://www.ikea.com.tw/dairyfarm/tw/images/917/1091775_PE862562_S4.webp', 0, '2025-01-27'),
(712, 251, 251, 'https://www.ikea.com.tw/dairyfarm/tw/images/895/0689509_PE723006_S4.webp', 1, '2025-01-27'),
(713, 251, 251, 'https://www.ikea.com.tw/dairyfarm/tw/images/895/0689540_PE723033_S4.webp', 0, '2025-01-27'),
(714, 252, 252, 'https://www.ikea.com.tw/dairyfarm/tw/images/398/1239874_PE919148_S4.webp', 1, '2025-01-27'),
(715, 252, 252, 'https://www.ikea.com.tw/dairyfarm/tw/images/398/1239873_PE919149_S4.webp', 0, '2025-01-27'),
(716, 253, 253, 'https://www.ikea.com.tw/dairyfarm/tw/images/509/0950976_PE800848_S4.webp', 1, '2025-01-27'),
(717, 253, 253, 'https://www.ikea.com.tw/dairyfarm/tw/images/328/0832802_PE777822_S4.webp', 0, '2025-01-27'),
(718, 255, 254, 'https://www.ikea.com.tw/dairyfarm/tw/images/708/0770896_PE755642_S4.webp', 1, '2025-02-01'),
(719, 255, 254, 'https://www.ikea.com.tw/dairyfarm/tw/images/444/0944427_PE797252_S2.webp', 0, '2025-02-01'),
(720, 255, 254, 'https://www.ikea.com.tw/dairyfarm/tw/images/881/0788148_PE763488_S2.webp', 0, '2025-02-01'),
(721, 256, 255, 'https://www.ikea.com.tw/dairyfarm/tw/images/278/1327884_PE944571_S4.webp', 1, '2025-02-01'),
(722, 256, 255, 'https://www.ikea.com.tw/dairyfarm/tw/images/278/1327897_PE944579_S4.webp', 0, '2025-02-01'),
(723, 256, 255, 'https://www.ikea.com.tw/zh/products/sofas/sofas/rullerum-art-10609568', 0, NULL),
(724, 256, 256, 'https://www.ikea.com.tw/dairyfarm/tw/images/279/1327925_PE944588_S4.webp', 1, '2025-02-01'),
(725, 256, 256, 'https://www.ikea.com.tw/dairyfarm/tw/images/279/1327926_PE944594_S4.webp', 0, '2025-02-01'),
(726, 256, 256, 'https://www.ikea.com.tw/zh/products/sofas/sofas/rullerum-art-50609571', 0, '2025-02-01'),
(727, 256, 257, 'https://www.ikea.com.tw/dairyfarm/tw/images/036/1303655_PE938423_S4.webp', 1, '2025-02-01'),
(728, 256, 257, 'https://www.ikea.com.tw/dairyfarm/tw/images/253/1325336_PE943859_S4.webp', 0, NULL),
(729, 256, 257, 'https://www.ikea.com.tw/dairyfarm/tw/images/145/1314572_PE940153_S4.webp', 0, NULL),
(732, 257, 260, 'https://www.ikea.com.tw/dairyfarm/tw/images/288/0728848_PE736539_S4.webp', 1, NULL),
(733, 257, 260, 'https://www.ikea.com.tw/dairyfarm/tw/images/350/0835072_PE736542_S4.webp', 0, NULL),
(734, 257, 261, 'https://www.ikea.com.tw/dairyfarm/tw/images/689/0368914_PE551188_S4.webp', 1, NULL),
(735, 258, 262, 'https://www.ikea.com.tw/dairyfarm/tw/images/605/1360572_PE954478_S4.webp', 1, '2025-02-02'),
(736, 258, 262, 'https://www.ikea.com.tw/dairyfarm/tw/images/605/1360571_PE954477_S4.webp', 0, '2025-02-02'),
(737, 258, 262, 'https://www.ikea.com.tw/dairyfarm/tw/images/703/1370368_PE958688_S4.webp', 0, '2025-02-02'),
(738, 258, 263, 'https://www.ikea.com.tw/dairyfarm/tw/images/605/1360562_PE954483_S4.webp', 1, '2025-02-02'),
(739, 258, 263, 'https://www.ikea.com.tw/dairyfarm/tw/images/915/1391535_PH200239_S4.webp', 0, '2025-02-02'),
(740, 258, 264, 'https://www.ikea.com.tw/dairyfarm/tw/images/605/1360567_PE954475_S4.webp', 1, NULL),
(741, 258, 264, 'https://www.ikea.com.tw/dairyfarm/tw/images/605/1360566_PE954487_S4.webp', 0, NULL),
(742, 259, 265, 'https://www.ikea.com.tw/dairyfarm/tw/images/937/1193786_PE901614_S4.webp', 1, '2025-02-02'),
(743, 259, 265, 'https://www.ikea.com.tw/dairyfarm/tw/images/937/1193785_PE901613_S4.webp', 0, '2025-02-02'),
(744, 259, 266, 'https://www.ikea.com.tw/dairyfarm/tw/images/937/1193796_PE901606_S4.webp', 1, '2025-02-02'),
(745, 259, 266, 'https://www.ikea.com.tw/dairyfarm/tw/images/937/1193795_PE901623_S4.webp', 0, '2025-02-02'),
(746, 260, 267, 'https://www.ikea.com.tw/dairyfarm/tw/images/155/1115579_PE872140_S4.webp', 1, NULL),
(747, 260, 267, 'https://www.ikea.com.tw/dairyfarm/tw/images/155/1115595_PE872151_S4.webp', 0, NULL),
(748, 261, 268, 'https://www.ikea.com.tw/dairyfarm/tw/images/093/0609308_PE684439_S4.webp', 1, '2025-02-03'),
(749, 261, 268, 'https://www.ikea.com.tw/dairyfarm/tw/images/862/1286246_PE933515_S4.webp', 0, '2025-02-03'),
(750, 261, 269, 'https://www.ikea.com.tw/dairyfarm/tw/images/093/0609306_PE684440_S4.webp', 1, '2025-02-03'),
(751, 261, 269, 'https://www.ikea.com.tw/dairyfarm/tw/images/791/0879117_PE622662_S4.webp', 0, '2025-02-03');

-- --------------------------------------------------------

--
-- 資料表結構 `reviews`
--

CREATE TABLE `reviews` (
  `reviewid` int(11) NOT NULL,
  `memberid` int(11) DEFAULT NULL,
  `productid` int(11) DEFAULT NULL,
  `rating` int(11) NOT NULL,
  `content` text DEFAULT NULL,
  `orderid` int(11) DEFAULT NULL,
  `colorsid` int(11) DEFAULT NULL,
  `issubmitted` tinyint(1) DEFAULT NULL
) ENGINE=InnoDB DEFAULT CHARSET=utf8mb4 COLLATE=utf8mb4_general_ci;

--
-- 傾印資料表的資料 `reviews`
--

INSERT INTO `reviews` (`reviewid`, `memberid`, `productid`, `rating`, `content`, `orderid`, `colorsid`, `issubmitted`) VALUES
(1, 11, 1, 5, 'cp值真的好高', NULL, NULL, NULL),
(2, 11, 1, 5, '真的很好用', NULL, NULL, NULL),
(3, 11, 1, 5, '已購買 ，小孩很愛用', NULL, NULL, NULL),
(4, 11, 3, 5, 'cp值真的好高', NULL, NULL, NULL),
(5, 11, 3, 5, '真的很好用', NULL, NULL, NULL),
(6, 11, 5, 5, '衣櫃容量很大，分隔合理，衣服終於可以整齊收納了！', NULL, NULL, NULL),
(7, 11, 5, 4, '材質很好，沒有異味，安裝也很簡單，滿意！', NULL, NULL, NULL),
(8, 11, 7, 5, '外觀時尚簡約，和家裡的裝潢很搭，超喜歡！', NULL, NULL, NULL),
(9, 11, 7, 5, '紋理漂亮，手感很好，質感超出預期！', NULL, NULL, NULL),
(10, 11, 9, 5, '安裝花了點時間，但完成後很穩固，整體很不錯。', NULL, NULL, NULL),
(11, 11, 13, 5, '價格划算，品質優良，CP值超高，推薦給大家！', NULL, NULL, NULL),
(12, 11, 13, 5, '空間規劃合理，掛衣區和折疊區剛好符合需求。', NULL, NULL, NULL),
(13, 11, 11, 5, '門板開關順暢，五金配件也很有質感，值得購買！\r\n\r\n', NULL, NULL, NULL),
(14, 11, 11, 5, '門板開關順暢，五金配件也很有質感，值得購買！\r\n\r\n', NULL, NULL, NULL),
(15, 11, 15, 5, '空間利用率高，小戶型也能輕鬆放置。', NULL, NULL, NULL),
(16, 11, 16, 5, '衣櫃容量很大，分隔合理，衣服終於可以整齊收納了！', NULL, NULL, NULL),
(17, 11, 16, 4, '材質很好，沒有異味，安裝也很簡單，滿意！', NULL, NULL, NULL),
(18, 11, 18, 5, '外觀時尚簡約，和家裡的裝潢很搭，超喜歡！', NULL, NULL, NULL),
(19, 11, 18, 5, '紋理漂亮，手感很好，質感超出預期！', NULL, NULL, NULL),
(20, 11, 19, 4, '安裝花了點時間，但完成後很穩固，整體很不錯。', NULL, NULL, NULL),
(21, 11, 19, 4, '價格划算，品質優良，CP值高，推薦給大家！', NULL, NULL, NULL),
(22, 11, 13, 5, '空間規劃合理，掛衣區和折疊區剛好符合需求。', NULL, NULL, NULL),
(23, 11, 10, 5, '門板開關順暢，五金配件也很有質感，值得購買！\r\n\r\n', NULL, NULL, NULL),
(24, 11, 11, 5, '門板開關順暢，五金配件也很有質感，值得購買！\r\n\r\n', NULL, NULL, NULL),
(25, 11, 15, 5, '空間利用率高，小戶型也能輕鬆放置。', NULL, NULL, NULL),
(26, 11, 21, 5, '鞋櫃設計簡約時尚，擺在玄關剛剛好，超實用！', NULL, NULL, NULL),
(27, 11, 21, 5, '容量大，可以放很多雙鞋，終於不用鞋子亂放了！', NULL, NULL, NULL),
(28, 11, 23, 5, '穩固，沒有異味，組裝也很簡單，CP值高。', NULL, NULL, NULL),
(29, 11, 26, 5, '透氣設計不悶臭，換季鞋子收納也很方便！', NULL, NULL, NULL),
(30, 11, 25, 5, '門板開關順暢，層板高度可調，能靈活擺放不同鞋款。', NULL, NULL, NULL),
(31, 11, 28, 5, '空間剛剛好，家裡的鞋子終於有地方收納了！', NULL, NULL, NULL),
(32, 11, 32, 5, '質感比預期還要好，放在玄關顯得很有品味！', NULL, NULL, NULL),
(33, 11, 35, 5, '鞋櫃高度合適，還能當穿鞋椅，實用性滿分！。', NULL, NULL, NULL),
(34, 11, 37, 5, '防塵效果好，鞋子不會落灰，打掃起來更輕鬆。', NULL, NULL, NULL),
(35, 11, 38, 5, '價格實惠，品質也很好，組裝後很穩固，值得推薦！', NULL, NULL, NULL),
(36, 11, 39, 5, '書櫃設計簡約大方，收納空間超足夠，擺放起來很整齊！', NULL, NULL, NULL),
(37, 11, 39, 5, '層板高度可調，能靈活放置各種大小的書籍，很方便。', NULL, NULL, NULL),
(38, 11, 45, 5, '紋理漂亮，質感很好，放在書房非常有氛圍！', NULL, NULL, NULL),
(39, 11, 47, 5, '結構穩固，不會搖晃，放滿書後依然很穩定！', NULL, NULL, NULL),
(40, 11, 49, 5, '安裝說明清楚，自己就能輕鬆組裝，實用又好看。', NULL, NULL, NULL),
(41, 11, 55, 5, '空間分隔合理，不僅能放書，還能擺些裝飾品！', NULL, NULL, NULL),
(42, 11, 51, 5, '材質無異味，健康環保，孩子的房間也能放心使用。', NULL, NULL, NULL),
(43, 11, 52, 5, '門板開關順暢，還有防塵設計，書本不容易積灰塵。', NULL, NULL, NULL),
(44, 11, 53, 5, '開放式設計拿取方便，適合日常閱讀使用！', NULL, NULL, NULL),
(45, 11, 57, 5, '價格划算，品質超出預期，CP值真的很高，推薦！', NULL, NULL, NULL),
(46, 11, 65, 5, '櫥櫃收納空間超大，廚房終於不再亂糟糟了！', NULL, NULL, NULL),
(47, 11, 62, 5, '材質很好，沒有異味，防潮效果也不錯，值得推薦！', NULL, NULL, NULL),
(48, 11, 59, 5, '抽屜滑順，好開好關，存取鍋碗瓢盆非常方便。', NULL, NULL, NULL),
(49, 11, 63, 5, '門板設計簡約時尚，和廚房風格完美搭配！', NULL, NULL, NULL),
(50, 11, 62, 5, '安裝簡單，結構穩固，放滿東西也不會晃動。', NULL, NULL, NULL),
(51, 11, 66, 5, '內部分隔合理，碗盤、調味料、鍋具都能妥善收納。', NULL, NULL, NULL),
(52, 11, 71, 5, '防刮耐磨，台面好清理，油污一擦就乾淨！', NULL, NULL, NULL),
(53, 11, 68, 5, '透氣設計不會悶臭，廚房用品存放更衛生。', NULL, NULL, NULL),
(54, 11, 69, 5, '價格合理，品質優秀，CP值超高，非常滿意', NULL, NULL, NULL),
(55, 11, 70, 5, '櫃體厚實耐用，看起來高級感十足，家人都稱讚！', NULL, NULL, NULL),
(56, 11, 72, 5, '內部分隔合理，碗盤、調味料、鍋具都能妥善收納。', NULL, NULL, NULL),
(57, 11, 73, 5, '防刮耐磨，台面好清理，油污一擦就乾淨！', NULL, NULL, NULL),
(58, 11, 73, 5, '透氣設計不會悶臭，廚房用品存放更衛生。', NULL, NULL, NULL),
(59, 11, 74, 5, '價格合理，品質優秀，CP值超高，非常滿意', NULL, NULL, NULL),
(60, 11, 76, 5, '櫃體厚實耐用，看起來高級感十足，家人都稱讚！', NULL, NULL, NULL),
(61, 11, 93, 5, '紋理細緻，質感超出預期，客廳瞬間高級感提升。', NULL, NULL, NULL),
(62, 11, 94, 5, '背後預留理線孔，線材整理方便，視覺更整潔！', NULL, NULL, NULL),
(63, 11, 94, 5, '高度適中，觀看電視的角度剛剛好，舒適又美觀。', NULL, NULL, NULL),
(64, 11, 95, 5, '門板開關順暢，磁吸設計很好用，不怕鬆脫。', NULL, NULL, NULL),
(65, 11, 93, 5, '價格實惠，品質優良，CP值超高，強烈推薦！', NULL, NULL, NULL),
(66, 11, 97, 5, '浴櫃防潮防水，放在浴室也不用擔心受潮發霉！', NULL, NULL, NULL),
(67, 11, 97, 5, '收納空間剛剛好，洗漱用品和毛巾都能整齊擺放。', NULL, NULL, NULL),
(68, 11, 98, 5, '材質質感很好，表面光滑好清理，一擦就乾淨！', NULL, NULL, NULL),
(69, 11, 99, 5, '抽屜設計順暢，開關不卡頓，拿取東西超方便。\r\n\r\n', NULL, NULL, NULL),
(70, 11, 100, 5, '鏡櫃一體設計，節省空間又兼具實用性，超滿意！', NULL, NULL, NULL),
(71, 11, 100, 5, '安裝簡單，結構穩固，不怕晃動，品質很不錯！', NULL, NULL, NULL),
(72, 11, 101, 5, '顏色百搭，無論什麼浴室風格都能輕鬆融合。', NULL, NULL, NULL),
(73, 11, 102, 5, '五金配件耐用，門板開合順暢，不會有異響。', NULL, NULL, NULL),
(74, 11, 103, 5, '收納分隔設計合理，洗護用品終於不再亂放一堆！\r\n\r\n', NULL, NULL, NULL),
(75, 11, 103, 5, '價格實惠，品質優良，CP值超高，強烈推薦！', NULL, NULL, NULL),
(76, 11, 104, 5, '餐桌設計簡約時尚，和家裡的裝潢完美搭配！', NULL, NULL, NULL),
(77, 11, 104, 5, '桌面光滑好清理，一擦就乾淨，日常使用很方便。', NULL, NULL, NULL),
(78, 11, 108, 5, '材質厚實穩固，不會搖晃，全家人用餐都很安心！', NULL, NULL, NULL),
(79, 11, 109, 5, '尺寸剛剛好，不佔空間，小戶型也能輕鬆擺放。', NULL, NULL, NULL),
(80, 11, 110, 5, '實木質感超棒，紋理自然，提升餐廳的質感！', NULL, NULL, NULL),
(81, 11, 111, 4, '組裝簡單，說明書清楚，一個人也能輕鬆完成。\r\n', NULL, NULL, NULL),
(82, 11, 112, 5, '桌腳設計穩固，耐用耐重，放滿餐具也沒問題。', NULL, NULL, NULL),
(83, 11, 114, 4, '折疊設計超方便，人多時打開，人少時收起來不佔空間。', NULL, NULL, NULL),
(84, 11, 119, 5, '圓角設計安全不刮手，有小孩的家庭也很適合！', NULL, NULL, NULL),
(85, 11, 123, 4, '價格實惠，品質超乎預期，CP值超高，值得推薦！', NULL, NULL, NULL),
(86, 11, 124, 5, '質感很好，放在客廳剛剛好，非常喜歡！', NULL, NULL, NULL),
(87, 11, 125, 5, '設計簡約又有質感，很百搭，推薦', NULL, NULL, NULL),
(88, 11, 126, 5, '安裝簡單，幾分鐘就組裝好了', NULL, NULL, NULL),
(89, 11, 126, 5, '茶几的顏色跟圖片一樣，非常滿意！', NULL, NULL, NULL),
(90, 11, 130, 3, '稍微有點刮痕，但不影響使用，整體不錯', NULL, NULL, NULL),
(91, 11, 131, 4, '收納空間很多，實用性高，值得入手。\r\n', NULL, NULL, NULL),
(92, 11, 133, 5, '價格實惠，質量也不錯，超值！\r\n\r\n', NULL, NULL, NULL),
(93, 11, 135, 4, '桌面防水效果很好，清潔也方便。', NULL, NULL, NULL),
(94, 11, 136, 5, '運送包裝很用心，完全沒有任何損壞！', NULL, NULL, NULL),
(95, 11, 138, 4, '運送包裝很用心，完全沒有任何損壞！', NULL, NULL, NULL),
(96, 11, 142, 4, '收納空間很多，實用性高，值得入手。\r\n', NULL, NULL, NULL),
(97, 11, 142, 5, '價格實惠，質量也不錯，超值！\r\n\r\n', NULL, NULL, NULL),
(98, 11, 143, 4, '桌面防水效果很好，清潔也方便。', NULL, NULL, NULL),
(99, 11, 143, 5, '運送包裝很用心，完全沒有任何損壞！', NULL, NULL, NULL),
(100, 11, 143, 4, '運送包裝很用心，完全沒有任何損壞！', NULL, NULL, NULL),
(101, 11, 144, 4, '材質穩固 使用起來非常放心\r\n', NULL, NULL, NULL),
(102, 11, 144, 5, '安裝步驟簡單 很快就可以完成組裝\r\n\r\n\r\n', NULL, NULL, NULL),
(103, 11, 148, 4, '外觀設計簡約 時尚又實用\r\n', NULL, NULL, NULL),
(104, 11, 150, 5, '收納功能很強大 抽屜非常實用', NULL, NULL, NULL),
(105, 11, 151, 4, '質量對得起價格 性價比很高\r\n', NULL, NULL, NULL),
(106, 11, 152, 4, '桌面光滑 沒有異味 用起來很舒服\r\n', NULL, NULL, NULL),
(107, 11, 153, 5, '價格實惠，質量也不錯，超值！\r\n\r\n', NULL, NULL, NULL),
(108, 11, 153, 4, '配色很好看 和房間風格非常搭配\r\n', NULL, NULL, NULL),
(109, 11, 155, 5, '高度剛剛好 長時間使用也不會覺得累\r\n', NULL, NULL, NULL),
(110, 11, 158, 4, '包裝完整 沒有磕碰 非常滿意', NULL, NULL, NULL),
(111, 11, 164, 4, '升降設計非常順滑 質感非常棒\r\n\r\n', NULL, NULL, NULL),
(112, 11, 164, 5, '材質很高級 桌面觸感細膩 用起來很舒服\r\n\r\n', NULL, NULL, NULL),
(113, 11, 166, 4, '桌腳很穩固 不會晃動 結構設計很用心\r\n', NULL, NULL, NULL),
(114, 11, 167, 5, '整體做工很精細 細節處理得非常完美\r\n', NULL, NULL, NULL),
(115, 11, 168, 4, '升降速度剛剛好 還很安靜 完全不吵\r\n', NULL, NULL, NULL),
(116, 11, 169, 4, '外觀質感真的很高級 放在家裡像是藝術品\r\n', NULL, NULL, NULL),
(117, 11, 171, 5, '桌面非常結實 還有防刮設計 特別貼心\r\n\r\n', NULL, NULL, NULL),
(118, 11, 169, 4, '使用了一段時間 完全沒有損耗 質量真的可靠\r\n', NULL, NULL, NULL),
(119, 11, 169, 5, '桌子的配色低調又有質感 與現代風格非常搭配\r\n', NULL, NULL, NULL),
(120, 11, 171, 4, '組裝後非常穩定 材料用得很紮實 值得推薦\r\n', NULL, NULL, NULL),
(121, 11, 174, 5, '餐椅質感超級棒 坐墊柔軟又舒適\r\n\r\n\r\n', NULL, NULL, NULL),
(122, 11, 174, 5, '材質非常高級 椅腳的木質紋理很好看\r\n\r\n\r\n', NULL, NULL, NULL),
(123, 11, 175, 4, '椅背設計符合人體工學 坐久也不會累\r\n\r\n\r\n', NULL, NULL, NULL),
(124, 11, 178, 5, '整體質感細緻 油漆處理得非常完美\r\n', NULL, NULL, NULL),
(125, 11, 180, 4, '椅子的穩定性很好 坐上去完全沒有晃動感\r\n', NULL, NULL, NULL),
(126, 11, 180, 4, '配色高雅百搭 和餐桌非常契合\r\n', NULL, NULL, NULL),
(127, 11, 181, 5, '坐墊材質透氣性很好 長時間用也不悶熱\r\n\r\n', NULL, NULL, NULL),
(128, 11, 182, 4, '餐椅重量剛剛好 穩重又方便移動\r\n', NULL, NULL, NULL),
(129, 11, 182, 5, '每個細節都能看出用心 做工非常精細\r\n', NULL, NULL, NULL),
(130, 11, 182, 4, '實木材質真的很有質感 放在餐廳很有品味\r\n', NULL, NULL, NULL),
(131, 11, 184, 5, '椅凳質感很好 坐起來非常穩固\r\n', NULL, NULL, NULL),
(132, 11, 184, 5, '坐墊柔軟舒適 是很不錯的設計\r\n\r\n\r\n', NULL, NULL, NULL),
(133, 11, 185, 4, '椅凳的高度剛剛好 很適合搭配桌子使用\r\n', NULL, NULL, NULL),
(134, 11, 187, 5, '整體結構非常穩定 完全不晃動\r\n', NULL, NULL, NULL),
(135, 11, 187, 4, '配色簡約大方 和家居風格很搭\r\n', NULL, NULL, NULL),
(136, 11, 189, 5, '椅子的靠背設計很符合人體工學，久坐不累\r\n', NULL, NULL, NULL),
(137, 11, 189, 5, '整體質感高級，細節處理得很用心\r\n\r\n\r\n', NULL, NULL, NULL),
(138, 11, 190, 5, '坐感非常穩定，靠背和扶手用料都很紮實\r\n', NULL, NULL, NULL),
(139, 11, 190, 5, '外觀設計簡約時尚，放在辦公室很有檔次\r\n', NULL, NULL, NULL),
(140, 11, 190, 5, '組裝過程簡單，材質質感完全對得起價格\r\n', NULL, NULL, NULL),
(141, 11, 199, 5, '高度設計完美，搭配吧台使用剛剛好\r\n', NULL, NULL, NULL),
(142, 11, 199, 5, '材質高級，椅腳的金屬質感特別亮眼\r\n\r\n\r\n', NULL, NULL, NULL),
(143, 11, 200, 5, '外觀設計簡約時尚，讓吧台空間更有品味\r\n', NULL, NULL, NULL),
(144, 11, 201, 5, '吧台椅質感非常棒，坐墊柔軟又有彈性\r\n', NULL, NULL, NULL),
(145, 11, 203, 5, '整體質量很棒，連細節的焊接處都處理得很好\r\n\r\n', NULL, NULL, NULL),
(146, 11, 204, 5, '單人沙發的布料非常柔軟，質感超級好\r\n', 0, NULL, NULL),
(147, 11, 208, 5, '沙發的填充物支撐感很好，不容易塌陷\r\n\r\n', NULL, NULL, NULL),
(148, 11, 204, 5, '坐墊厚實支撐力強，久坐也不會覺得累\r\n\r\n\r\n', NULL, NULL, NULL),
(149, 11, 206, 5, '沙發的設計非常簡約，放在客廳很有格調\r\n', NULL, NULL, NULL),
(150, 11, 207, 5, '配色非常大氣，和家居裝潢完美融合\r\n', NULL, NULL, NULL),
(151, 11, 209, 4, '雙人沙發的布料柔軟透氣，摸起來非常舒服\r\n', NULL, NULL, NULL),
(152, 11, 209, 5, '坐墊寬敞彈性好，兩個人坐著完全不擁擠\r\n\r\n', NULL, NULL, NULL),
(153, 11, 211, 4, '整體質感很高級，設計簡約又不失品味\r\n', NULL, NULL, NULL),
(154, 11, 211, 5, '沙發的靠背高度剛好，長時間靠著也很舒適\r\n', NULL, NULL, NULL),
(155, 11, 213, 4, '配色百搭，放在客廳瞬間提升整體格調\r\n', NULL, NULL, NULL),
(156, 11, 214, 4, '三人座沙發空間非常寬敞，搭配躺椅後舒適度滿分\r\n', NULL, NULL, NULL),
(157, 11, 215, 5, '沙發質感超級棒，皮質柔軟又耐用，躺椅角度設計很貼心\r\n\r\n', NULL, NULL, NULL),
(158, 11, 216, 4, '坐墊厚實彈性十足，靠背支撐感很好，躺著特別放鬆\r\n', NULL, NULL, NULL),
(159, 11, 217, 5, '沙發與躺椅的配色很大氣，整體設計非常高級感\r\n', NULL, NULL, NULL),
(160, 11, 218, 4, '躺椅可以靈活調整方向，使用起來非常方便且實用\r\n', NULL, NULL, NULL),
(161, 11, 249, 5, '吸頂燈的設計非常簡約時尚，安裝後整體空間亮眼許多\r\n', NULL, NULL, NULL),
(162, 11, 250, 5, '燈光柔和不刺眼，非常適合用於客廳或臥室\r\n\r\n', NULL, NULL, NULL),
(163, 11, 251, 4, '燈罩材質質感很好，散發出的光線非常均勻\r\n', NULL, NULL, NULL),
(164, 11, 253, 5, '燈具安裝方便，包裝也很用心，沒有損壞\r\n', NULL, NULL, NULL),
(165, 11, 253, 4, '吸頂燈的外觀非常高級，與家居風格非常搭配\r\n', NULL, NULL, NULL),
(166, 11, 219, 5, '吊燈的設計非常精美，完美融入餐廳空間，提升整體氛圍\r\n', NULL, NULL, NULL),
(167, 11, 219, 5, '光線柔和又明亮，非常適合營造溫馨的用餐環境\r\n\r\n', NULL, NULL, NULL),
(168, 11, 222, 4, '吊燈的材質高級，細節處理得非常精緻\r\n', NULL, NULL, NULL),
(169, 11, 223, 5, '安裝過程簡單，吊燈穩固，完全不會搖晃\r\n', NULL, NULL, NULL),
(170, 11, 222, 4, '吊燈外觀時尚，無論是現代風還是復古風都能完美搭配\r\n', NULL, NULL, NULL),
(171, 11, 224, 5, '檯燈的設計非常簡約，放在桌上看起來很有品味\r\n', NULL, NULL, NULL),
(172, 11, 225, 5, '光線柔和不刺眼，長時間閱讀也不會累眼\r\n\r\n\r\n', NULL, NULL, NULL),
(173, 11, 226, 4, '檯燈的燈罩材質很有質感，燈光均勻且溫暖\r\n', NULL, NULL, NULL),
(174, 11, 227, 5, '開關設計很方便，可以輕鬆調節光線亮度\r\n', NULL, NULL, NULL),
(175, 11, 227, 4, '造型時尚，無論是辦公室還是臥室都能完美搭配\r\n', NULL, NULL, NULL),
(176, 11, 228, 5, '壁燈的設計非常優雅，安裝後讓整個房間氛圍更加溫馨\r\n', NULL, NULL, NULL),
(177, 11, 228, 5, '燈光柔和且不刺眼，適合用來營造浪漫或放鬆的空間\r\n\r\n\r\n', NULL, NULL, NULL),
(178, 11, 230, 4, '壁燈的材質很高級，做工細緻，細節處理得很好\r\n', NULL, NULL, NULL),
(179, 11, 231, 5, '安裝簡單，配件齊全，穩定性很好，完全沒有晃動感\r\n', NULL, NULL, NULL),
(180, 11, 232, 5, '壁燈的外觀非常時尚，與現代風格的裝潢搭配很完美\r\n\r\n', NULL, NULL, NULL),
(181, 11, 233, 5, '床架質感非常好，材質堅固穩定，睡覺時完全沒有搖晃\r\n', NULL, NULL, NULL),
(182, 11, 234, 5, '設計簡約現代，搭配任何風格的床墊都很合適\r\n\r\n\r\n', NULL, NULL, NULL),
(183, 11, 236, 4, '床架的做工非常精細，每個細節處理得很到位\r\n', NULL, NULL, NULL),
(184, 11, 237, 5, '安裝過程非常簡單，說明書清楚易懂，幾分鐘就完成了\r\n', NULL, NULL, NULL),
(185, 11, 237, 5, '鐵質床架結構穩定，不會有吱吱作響的情況，質量很有保障\r\n\r\n', NULL, NULL, NULL),
(186, 11, 238, 5, '床墊非常舒適，睡一晚起來完全不覺得腰酸背痛\r\n', NULL, NULL, NULL),
(187, 11, 238, 5, '填充物彈性很好，支撐力強，長時間躺著也不會塌陷\r\n\r\n\r\n', NULL, NULL, NULL),
(188, 11, 239, 4, '床墊表面布料柔軟透氣，睡覺時感覺很清爽\r\n', NULL, NULL, NULL),
(189, 11, 241, 5, '不論是仰臥還是側睡，都能很好地支撐身體，讓人放鬆\r\n', NULL, NULL, NULL),
(190, 11, 242, 5, '質感很高，無論是外觀還是舒適度，都完全超出了預期\r\n', NULL, NULL, NULL),
(191, 11, 234, 5, '床包的布料非常柔軟，摸起來像是高檔的絲綢，整體質感很好', NULL, NULL, NULL),
(192, 11, 246, 5, '棉被的觸感非常舒服，保暖性也很好，讓人一躺上去就不想起來\r\n\r\n\r\n', NULL, NULL, NULL),
(193, 11, 247, 4, '枕頭的高度剛好，無論是側睡還是仰睡都很舒適\r\n', NULL, NULL, NULL),
(194, 11, 244, 5, '床包的設計簡單大方，顏色也很耐看，搭配床墊很好\r\n', NULL, NULL, NULL),
(195, 11, 246, 5, '棉被的質料透氣，冬天保暖夏天也不會過熱，非常實用\r\n\r\n', NULL, NULL, NULL),
(196, 11, 247, 5, '枕頭填充物很均勻，完全沒有變形，睡覺很放鬆\r\n', NULL, NULL, NULL),
(197, 11, 243, 5, '床包完全符合尺寸，貼合床墊，洗後也不會縮水\r\n\r\n\r\n', NULL, NULL, NULL),
(198, 11, 245, 4, '棉被非常柔軟，輕盈卻有很好的保暖效果\r\n', NULL, NULL, NULL),
(199, 11, 248, 5, '枕頭質感非常好，蓬鬆度適中，無論長時間使用都不會扁塌\r\n', NULL, NULL, NULL),
(200, 11, 243, 5, '床包的質料透氣性很好，讓整個睡眠環境更加清新\r\n\r\n', NULL, NULL, NULL);

-- --------------------------------------------------------

--
-- 資料表結構 `sales`
--

CREATE TABLE `sales` (
  `salesid` int(11) NOT NULL,
  `name` varchar(100) DEFAULT NULL,
  `salesdesc` varchar(100) DEFAULT NULL,
  `discount` double DEFAULT NULL
) ENGINE=InnoDB DEFAULT CHARSET=utf8mb4 COLLATE=utf8mb4_general_ci;

--
-- 傾印資料表的資料 `sales`
--

INSERT INTO `sales` (`salesid`, `name`, `salesdesc`, `discount`) VALUES
(1, '原價', '無折扣', 1),
(2, '9折', '特定商品九折', 0.9),
(3, '8折', '特定商品八折', 0.8);

-- --------------------------------------------------------

--
-- 資料表結構 `shiprate`
--

CREATE TABLE `shiprate` (
  `shiprateid` int(11) NOT NULL,
  `region` varchar(50) DEFAULT NULL,
  `rate` int(11) DEFAULT NULL
) ENGINE=InnoDB DEFAULT CHARSET=utf8mb4 COLLATE=utf8mb4_general_ci;

--
-- 傾印資料表的資料 `shiprate`
--

INSERT INTO `shiprate` (`shiprateid`, `region`, `rate`) VALUES
(1, '台北', 280),
(2, '新北', 280),
(3, '基隆', 280),
(4, '桃園', 280),
(5, '宜蘭', 280),
(6, '新竹', 220),
(7, '苗栗', 220),
(8, '台中', 220),
(9, '彰化', 220),
(10, '南投', 220),
(11, '雲林', 220),
(12, '嘉義', 280),
(13, '台南', 280),
(14, '高雄', 280),
(15, '屏東', 280),
(16, '台東', 320),
(17, '花蓮', 320),
(18, '澎湖', 360),
(19, '金門', 360),
(20, '連江', 360);

-- --------------------------------------------------------

--
-- 資料表結構 `subcategory`
--

CREATE TABLE `subcategory` (
  `subcategoryid` int(11) NOT NULL,
  `maincategoryid` int(11) DEFAULT NULL,
  `categoryname` varchar(100) NOT NULL,
  `status` varchar(50) DEFAULT NULL
) ENGINE=InnoDB DEFAULT CHARSET=utf8mb4 COLLATE=utf8mb4_general_ci;

--
-- 傾印資料表的資料 `subcategory`
--

INSERT INTO `subcategory` (`subcategoryid`, `maincategoryid`, `categoryname`, `status`) VALUES
(1, 1, '衣櫃', 'sale'),
(2, 1, '鞋櫃', 'sale'),
(3, 1, '書櫃', 'sale'),
(4, 1, '櫥櫃', 'sale'),
(5, 1, '電視櫃', 'sale'),
(6, 1, '浴櫃', 'sale'),
(7, 2, '餐桌', 'sale'),
(8, 2, '茶几', 'sale'),
(9, 2, '書桌', 'sale'),
(10, 2, '升降桌', 'sale'),
(11, 3, '餐椅', 'sale'),
(12, 3, '小椅凳', 'sale'),
(13, 3, '辦公椅', 'sale'),
(14, 3, '電競椅', 'sale'),
(15, 3, '吧台椅', 'sale'),
(16, 4, '單人沙發', 'sale'),
(17, 4, '雙人沙發', 'sale'),
(18, 4, 'L型沙發', 'sale'),
(19, 5, '吸頂燈', 'sale'),
(20, 5, '吊燈', 'sale'),
(21, 5, '檯燈', 'sale'),
(22, 5, '壁燈', 'sale'),
(23, 6, '床架', 'sale'),
(24, 6, '床墊', 'sale'),
(25, 6, '床包/棉被/枕頭', 'sale');

-- --------------------------------------------------------

--
-- 資料表結構 `suppliers`
--

CREATE TABLE `suppliers` (
  `supplierid` int(11) NOT NULL,
  `subcategoryid` int(11) DEFAULT NULL,
  `name` varchar(100) DEFAULT NULL,
  `address` varchar(100) DEFAULT NULL,
  `phone` varchar(100) DEFAULT NULL,
  `contact` varchar(100) DEFAULT NULL,
  `status` varchar(100) DEFAULT NULL
) ENGINE=InnoDB DEFAULT CHARSET=utf8mb4 COLLATE=utf8mb4_general_ci;

--
-- 傾印資料表的資料 `suppliers`
--

INSERT INTO `suppliers` (`supplierid`, `subcategoryid`, `name`, `address`, `phone`, `contact`, `status`) VALUES
(1, 1, '布萊德大公司', '台中市南屯區公益路二段51號18樓', '0423265860', '布萊德', '合作中'),
(2, 2, '布萊德大公司', '台中市南屯區公益路二段51號18樓', '0423265860', '布萊德', '合作中'),
(3, 9, '布萊德大公司', '台中市南屯區公益路二段51號18樓', '0423265860', '布萊德', '合作中'),
(4, 10, '布萊德大公司', '台中市南屯區公益路二段51號18樓', '0423265860', '布萊德', '合作中'),
(5, 21, '布萊德大公司', '台中市南屯區公益路二段51號18樓\r\n', '0423265860', '布萊德', '合作中'),
(6, 22, '布萊德大公司', '台中市南屯區公益路二段51號18樓', '0423265860', '布萊德', '合作中'),
(7, 5, '米可家居設計\r\n', '台中市北屯區環中路一段1750號', '0424263229', '黃彥鳴', '合作中'),
(8, 16, '米可家居設計', '台中市北屯區環中路一段1750號', '0424263229', '黃彥鳴', '合作中'),
(9, 17, '米可家居設計', '台中市北屯區環中路一段1750號', '0424263229', '黃彥鳴', '合作中'),
(10, 18, '米可家居設計', '台中市北屯區環中路一段1750號', '0424263229', '黃彥鳴', '合作中'),
(11, 19, '米可家居設計', '台中市北屯區環中路一段1750號', '0424263229', '黃彥鳴', '合作中'),
(12, 3, '歐典家具有限公司', '台中市北屯區環中路一段900號', '0424210292', '歐陽盆栽', '合作中'),
(13, 4, '歐典家具有限公司', '台中市北屯區環中路一段900號', '0424210292', '歐陽盆栽', '合作中'),
(14, 11, '歐典家具有限公司', '台中市北屯區環中路一段900號', '0424210292', '歐陽盆栽', '合作中'),
(15, 12, '歐典家具有限公司', '台中市北屯區環中路一段900號', '0424210292', '歐陽盆栽', '合作中'),
(16, 15, '歐典家具有限公司', '台中市北屯區環中路一段900號', '0424210292', '歐陽盆栽', '合作中'),
(17, 20, '木語居家', '彰化縣彰化市金馬路三段251號', '047283800', '圤雅琦', '合作中'),
(18, 23, '木語居家', '彰化縣彰化市金馬路三段251號', '047283800', '圤雅琦', '合作中'),
(19, 24, '木語居家', '彰化縣彰化市金馬路三段251號', '047283800', '圤雅琦', '合作中'),
(20, 25, '木語居家', '彰化縣彰化市金馬路三段251號', '047283800', '圤雅琦', '合作中'),
(21, 6, '悠然家具有限公司', '台南市南區中華西路一段219號', '062649819', '李宇傑', '合作中'),
(22, 7, '悠然家具有限公司', '台南市南區中華西路一段219號', '062649819', '李宇傑', '合作中'),
(23, 8, '悠然家具有限公司', '台南市南區中華西路一段219號', '062649819', '李宇傑', '合作中'),
(24, 13, '悠然家具有限公司', '台南市南區中華西路一段219號', '062649819', '李宇傑', '合作中'),
(25, 14, '悠然家具有限公司', '台南市南區中華西路一段219號', '062649819', '李宇傑', '合作中');

-- --------------------------------------------------------

--
-- 資料表結構 `website`
--

CREATE TABLE `website` (
  `websiteid` int(11) NOT NULL,
  `websitename` varchar(50) DEFAULT NULL,
  `aboutus` varchar(500) DEFAULT NULL,
  `qa` varchar(2000) DEFAULT NULL,
  `logo` varchar(300) DEFAULT NULL,
  `footerinstagramlink` varchar(100) DEFAULT NULL,
  `footerfacebooklink` varchar(100) DEFAULT NULL
) ENGINE=InnoDB DEFAULT CHARSET=utf8mb4 COLLATE=utf8mb4_general_ci;

--
-- 傾印資料表的資料 `website`
--

INSERT INTO `website` (`websiteid`, `websitename`, `aboutus`, `qa`, `logo`, `footerinstagramlink`, `footerfacebooklink`) VALUES
(1, 'KaguMachi', '家具町的品牌定位將結合上述競爭者的優勢並突破其局限，以日系極簡設計為核心，融入自然材質與耐用工藝，提供具有設計美感且功能實用的家具，同時將以合理的價格策略和精緻的細節滿足多層次客群的需求，填補高端與平價市場之間的空白，建立一個具有專屬品牌魅力的家具網站。', 'Q:我需要註冊帳號才能購物嗎？\nA:是的，您可以點擊網站右上角的「註冊」按鈕，填寫基本信息完成註冊。部分網站支持訪客結帳。\n\nQ:如果忘記密碼，該怎麼辦？\nA:請點擊「忘記密碼」並輸入您的註冊郵箱，我們會發送重設密碼的鏈接到您的郵箱。\n\nQ:有哪些支付方式可以選擇？\nA:我們支持多種支付方式，包括信用卡、支付寶、微信支付、Apple Pay 以及銀行轉賬等。\n\nQ:運費是多少？是否提供免費運送？\nA:運費視您的訂單金額和配送地址而定。訂單滿 NT$1,000 可享免費配送，詳細運費資訊請參考配送政策。\n\nQ:下單後多久能收到商品？\nA:一般情況下，訂單會在 1-2 個工作日內處理，配送時間視地區而定，通常需 3-7 個工作日。\n\nQ:下單後可以修改或取消訂單嗎？\nA:如果訂單尚未發貨，您可以聯繫我們的客服進行修改或取消。一旦訂單已發貨，則無法更改。\n\nQ:如何查詢訂單的配送進度？\nA:您可以登入帳戶並進入「我的訂單」頁面查看配送狀態。訂單發貨後，我們會通過郵件提供追蹤號。\n\nQ:商品不滿意，可以退換貨嗎？\nA:是的，您可以在收到商品後的 7 天內申請退換貨，但商品需保持原狀。詳情請參考退換貨政策。\n\nQ:有問題需要幫助，該如何聯繫客服？\nA:您可以通過「聯繫我們」頁面提交表單，或撥打客服熱線（0800-XXX-XXX）。我們的工作時間為每週一至五，上午 9:00 至下午 6:00。\n', 'https://i.imgur.com/e0PrRkG.jpg', 'https://www.instagram.com/', 'https://www.facebook.com/');


CREATE TABLE home (
    homeid INT AUTO_INCREMENT PRIMARY KEY,
    memberid INT,
    doorwidth DOUBLE,
    doorheight DOUBLE,
    elevatorwidth DOUBLE,
    elevatorheight DOUBLE,
    elevatordepth DOUBLE,
    stairwidth DOUBLE,
    stairheight DOUBLE
);
--
-- 已傾印資料表的索引
--

--
-- 資料表索引 `autochat`
--
ALTER TABLE `autochat`
  ADD PRIMARY KEY (`autochatid`);

--
-- 資料表索引 `carts`
--
ALTER TABLE `carts`
  ADD PRIMARY KEY (`cartsid`),
  ADD KEY `memberid` (`memberid`),
  ADD KEY `productid` (`productid`),
  ADD KEY `colorsid` (`colorsid`);

--
-- 資料表索引 `finance`
--
ALTER TABLE `finance`
  ADD PRIMARY KEY (`financeid`);

--
-- 資料表索引 `incomestatement`
--
ALTER TABLE `incomestatement`
  ADD PRIMARY KEY (`id`),
  ADD KEY `fk_income_maincategory` (`maincategoryid`),
  ADD KEY `fk_income_subcategory` (`subcategoryid`);

--
-- 資料表索引 `logistics`
--
ALTER TABLE `logistics`
  ADD PRIMARY KEY (`logisticsid`);

--
-- 資料表索引 `maincategory`
--
ALTER TABLE `maincategory`
  ADD PRIMARY KEY (`maincategoryid`),
  ADD KEY `salesid` (`salesid`);

--
-- 資料表索引 `members`
--
ALTER TABLE `members`
  ADD PRIMARY KEY (`memberid`);

--
-- 資料表索引 `message`
--
ALTER TABLE `message`
  ADD PRIMARY KEY (`messageid`);

--
-- 資料表索引 `mykeep`
--
ALTER TABLE `mykeep`
  ADD PRIMARY KEY (`mykeepid`),
  ADD KEY `memberid` (`memberid`),
  ADD KEY `productid` (`productid`);

--
-- 資料表索引 `orderdetails`
--
ALTER TABLE `orderdetails`
  ADD PRIMARY KEY (`orderdetailid`),
  ADD KEY `orderid` (`orderid`),
  ADD KEY `productid` (`productid`),
  ADD KEY `colorsid` (`colorsid`);

--
-- 資料表索引 `orders`
--
ALTER TABLE `orders`
  ADD PRIMARY KEY (`orderid`),
  ADD KEY `memberid` (`memberid`),
  ADD KEY `logisticsid` (`logisticsid`);

--
-- 資料表索引 `product`
--
ALTER TABLE `product`
  ADD PRIMARY KEY (`productid`),
  ADD KEY `maincategoryid` (`maincategoryid`),
  ADD KEY `subcategoryid` (`subcategoryid`),
  ADD KEY `supplierid` (`supplierid`);

--
-- 資料表索引 `productcolors`
--
ALTER TABLE `productcolors`
  ADD PRIMARY KEY (`colorsid`),
  ADD KEY `productid` (`productid`);

--
-- 資料表索引 `productimages`
--
ALTER TABLE `productimages`
  ADD PRIMARY KEY (`imageid`),
  ADD KEY `productid` (`productid`),
  ADD KEY `colorsid` (`colorsid`);

--
-- 資料表索引 `reviews`
--
ALTER TABLE `reviews`
  ADD PRIMARY KEY (`reviewid`),
  ADD KEY `memberid` (`memberid`),
  ADD KEY `productid` (`productid`);

--
-- 資料表索引 `sales`
--
ALTER TABLE `sales`
  ADD PRIMARY KEY (`salesid`);

--
-- 資料表索引 `shiprate`
--
ALTER TABLE `shiprate`
  ADD PRIMARY KEY (`shiprateid`);

--
-- 資料表索引 `subcategory`
--
ALTER TABLE `subcategory`
  ADD PRIMARY KEY (`subcategoryid`),
  ADD KEY `maincategoryid` (`maincategoryid`);

--
-- 資料表索引 `suppliers`
--
ALTER TABLE `suppliers`
  ADD PRIMARY KEY (`supplierid`),
  ADD KEY `subcategoryid` (`subcategoryid`);

--
-- 資料表索引 `website`
--
ALTER TABLE `website`
  ADD PRIMARY KEY (`websiteid`);

--
-- 在傾印的資料表使用自動遞增(AUTO_INCREMENT)
--

--
-- 使用資料表自動遞增(AUTO_INCREMENT) `autochat`
--
ALTER TABLE `autochat`
  MODIFY `autochatid` int(11) NOT NULL AUTO_INCREMENT, AUTO_INCREMENT=22;

--
-- 使用資料表自動遞增(AUTO_INCREMENT) `carts`
--
ALTER TABLE `carts`
  MODIFY `cartsid` int(11) NOT NULL AUTO_INCREMENT, AUTO_INCREMENT=19;

--
-- 使用資料表自動遞增(AUTO_INCREMENT) `finance`
--
ALTER TABLE `finance`
  MODIFY `financeid` int(11) NOT NULL AUTO_INCREMENT;

--
-- 使用資料表自動遞增(AUTO_INCREMENT) `incomestatement`
--
ALTER TABLE `incomestatement`
  MODIFY `id` int(11) NOT NULL AUTO_INCREMENT;

--
-- 使用資料表自動遞增(AUTO_INCREMENT) `logistics`
--
ALTER TABLE `logistics`
  MODIFY `logisticsid` int(11) NOT NULL AUTO_INCREMENT, AUTO_INCREMENT=3;

--
-- 使用資料表自動遞增(AUTO_INCREMENT) `maincategory`
--
ALTER TABLE `maincategory`
  MODIFY `maincategoryid` int(11) NOT NULL AUTO_INCREMENT, AUTO_INCREMENT=7;

--
-- 使用資料表自動遞增(AUTO_INCREMENT) `members`
--
ALTER TABLE `members`
  MODIFY `memberid` int(11) NOT NULL AUTO_INCREMENT, AUTO_INCREMENT=13;

--
-- 使用資料表自動遞增(AUTO_INCREMENT) `message`
--
ALTER TABLE `message`
  MODIFY `messageid` int(11) NOT NULL AUTO_INCREMENT, AUTO_INCREMENT=13;

--
-- 使用資料表自動遞增(AUTO_INCREMENT) `mykeep`
--
ALTER TABLE `mykeep`
  MODIFY `mykeepid` int(11) NOT NULL AUTO_INCREMENT, AUTO_INCREMENT=5;

--
-- 使用資料表自動遞增(AUTO_INCREMENT) `orderdetails`
--
ALTER TABLE `orderdetails`
  MODIFY `orderdetailid` int(11) NOT NULL AUTO_INCREMENT, AUTO_INCREMENT=26;

--
-- 使用資料表自動遞增(AUTO_INCREMENT) `orders`
--
ALTER TABLE `orders`
  MODIFY `orderid` int(11) NOT NULL AUTO_INCREMENT, AUTO_INCREMENT=14;

--
-- 使用資料表自動遞增(AUTO_INCREMENT) `product`
--
ALTER TABLE `product`
  MODIFY `productid` int(11) NOT NULL AUTO_INCREMENT, AUTO_INCREMENT=262;

--
-- 使用資料表自動遞增(AUTO_INCREMENT) `productcolors`
--
ALTER TABLE `productcolors`
  MODIFY `colorsid` int(11) NOT NULL AUTO_INCREMENT, AUTO_INCREMENT=270;

--
-- 使用資料表自動遞增(AUTO_INCREMENT) `productimages`
--
ALTER TABLE `productimages`
  MODIFY `imageid` int(11) NOT NULL AUTO_INCREMENT, AUTO_INCREMENT=752;

--
-- 使用資料表自動遞增(AUTO_INCREMENT) `reviews`
--
ALTER TABLE `reviews`
  MODIFY `reviewid` int(11) NOT NULL AUTO_INCREMENT, AUTO_INCREMENT=218;

--
-- 使用資料表自動遞增(AUTO_INCREMENT) `sales`
--
ALTER TABLE `sales`
  MODIFY `salesid` int(11) NOT NULL AUTO_INCREMENT, AUTO_INCREMENT=4;

--
-- 使用資料表自動遞增(AUTO_INCREMENT) `shiprate`
--
ALTER TABLE `shiprate`
  MODIFY `shiprateid` int(11) NOT NULL AUTO_INCREMENT, AUTO_INCREMENT=21;

--
-- 使用資料表自動遞增(AUTO_INCREMENT) `subcategory`
--
ALTER TABLE `subcategory`
  MODIFY `subcategoryid` int(11) NOT NULL AUTO_INCREMENT, AUTO_INCREMENT=26;

--
-- 使用資料表自動遞增(AUTO_INCREMENT) `suppliers`
--
ALTER TABLE `suppliers`
  MODIFY `supplierid` int(11) NOT NULL AUTO_INCREMENT, AUTO_INCREMENT=26;

--
-- 使用資料表自動遞增(AUTO_INCREMENT) `website`
--
ALTER TABLE `website`
  MODIFY `websiteid` int(11) NOT NULL AUTO_INCREMENT, AUTO_INCREMENT=2;

--
-- 已傾印資料表的限制式
--

--
-- 資料表的限制式 `carts`
--
ALTER TABLE `carts`
  ADD CONSTRAINT `carts_ibfk_1` FOREIGN KEY (`memberid`) REFERENCES `members` (`memberid`),
  ADD CONSTRAINT `carts_ibfk_2` FOREIGN KEY (`productid`) REFERENCES `product` (`productid`),
  ADD CONSTRAINT `carts_ibfk_3` FOREIGN KEY (`colorsid`) REFERENCES `productcolors` (`colorsid`);

--
-- 資料表的限制式 `incomestatement`
--
ALTER TABLE `incomestatement`
  ADD CONSTRAINT `fk_income_maincategory` FOREIGN KEY (`maincategoryid`) REFERENCES `maincategory` (`maincategoryid`) ON DELETE SET NULL,
  ADD CONSTRAINT `fk_income_subcategory` FOREIGN KEY (`subcategoryid`) REFERENCES `subcategory` (`subcategoryid`) ON DELETE SET NULL;

--
-- 資料表的限制式 `maincategory`
--
ALTER TABLE `maincategory`
  ADD CONSTRAINT `maincategory_ibfk_1` FOREIGN KEY (`salesid`) REFERENCES `sales` (`salesid`);

--
-- 資料表的限制式 `mykeep`
--
ALTER TABLE `mykeep`
  ADD CONSTRAINT `mykeep_ibfk_1` FOREIGN KEY (`memberid`) REFERENCES `members` (`memberid`),
  ADD CONSTRAINT `mykeep_ibfk_2` FOREIGN KEY (`productid`) REFERENCES `product` (`productid`);

--
-- 資料表的限制式 `orders`
--
ALTER TABLE `orders`
  ADD CONSTRAINT `orders_ibfk_1` FOREIGN KEY (`memberid`) REFERENCES `members` (`memberid`),
  ADD CONSTRAINT `orders_ibfk_2` FOREIGN KEY (`logisticsid`) REFERENCES `logistics` (`logisticsid`);

--
-- 資料表的限制式 `product`
--
ALTER TABLE `product`
  ADD CONSTRAINT `product_ibfk_1` FOREIGN KEY (`maincategoryid`) REFERENCES `maincategory` (`maincategoryid`),
  ADD CONSTRAINT `product_ibfk_2` FOREIGN KEY (`subcategoryid`) REFERENCES `subcategory` (`subcategoryid`),
  ADD CONSTRAINT `product_ibfk_3` FOREIGN KEY (`supplierid`) REFERENCES `suppliers` (`supplierid`);

--
-- 資料表的限制式 `productcolors`
--
ALTER TABLE `productcolors`
  ADD CONSTRAINT `productcolors_ibfk_1` FOREIGN KEY (`productid`) REFERENCES `product` (`productid`);

--
-- 資料表的限制式 `productimages`
--
ALTER TABLE `productimages`
  ADD CONSTRAINT `productimages_ibfk_1` FOREIGN KEY (`productid`) REFERENCES `product` (`productid`),
  ADD CONSTRAINT `productimages_ibfk_2` FOREIGN KEY (`colorsid`) REFERENCES `productcolors` (`colorsid`);

--
-- 資料表的限制式 `reviews`
--
ALTER TABLE `reviews`
  ADD CONSTRAINT `reviews_ibfk_1` FOREIGN KEY (`memberid`) REFERENCES `members` (`memberid`),
  ADD CONSTRAINT `reviews_ibfk_2` FOREIGN KEY (`productid`) REFERENCES `product` (`productid`);

--
-- 資料表的限制式 `subcategory`
--
ALTER TABLE `subcategory`
  ADD CONSTRAINT `subcategory_ibfk_1` FOREIGN KEY (`maincategoryid`) REFERENCES `maincategory` (`maincategoryid`);

--
-- 資料表的限制式 `suppliers`
--
ALTER TABLE `suppliers`
  ADD CONSTRAINT `suppliers_ibfk_1` FOREIGN KEY (`subcategoryid`) REFERENCES `subcategory` (`subcategoryid`);
COMMIT;

/*!40101 SET CHARACTER_SET_CLIENT=@OLD_CHARACTER_SET_CLIENT */;
/*!40101 SET CHARACTER_SET_RESULTS=@OLD_CHARACTER_SET_RESULTS */;
/*!40101 SET COLLATION_CONNECTION=@OLD_COLLATION_CONNECTION */;
